id,msg,level,app,tag,pid,tid,ts,created_at,updated_at
1,"hash reader - found implicit bool (no) for key; adding quotes to turn into string; see yaml.org/refcard.html (path=)",warn,,,14013,10252500,"2017-12-28 04:32:15 +0000","2017-12-28 04:32:15.535967","2017-12-28 04:32:15.535967"
2,"no country match found for >Bonaire<; skipping line; in [1-codes/fifa]",warn,,,14013,10252500,"2017-12-28 04:32:16 +0000","2017-12-28 04:32:16.417517","2017-12-28 04:32:16.417517"
3,"no country match found for >Kosovo<; skipping line; in [1-codes/fifa]",warn,,,14013,10252500,"2017-12-28 04:32:16 +0000","2017-12-28 04:32:16.435252","2017-12-28 04:32:16.435252"
4,"no country match found for >Zanzibar<; skipping line; in [1-codes/fifa]",warn,,,14013,10252500,"2017-12-28 04:32:16 +0000","2017-12-28 04:32:16.440475","2017-12-28 04:32:16.440475"
5,"no country match found for >Saint-Martin<; skipping line; in [1-codes/fifa]",warn,,,14013,10252500,"2017-12-28 04:32:16 +0000","2017-12-28 04:32:16.450479","2017-12-28 04:32:16.450479"
6,"no country match found for >Ashmore and Cartier Islands (AU)<; skipping line; in [1-codes/fips]",warn,,,14013,10252500,"2017-12-28 04:32:16 +0000","2017-12-28 04:32:16.501040","2017-12-28 04:32:16.501040"
7,"no country match found for >Akrotiri (UK)<; skipping line; in [1-codes/fips]",warn,,,14013,10252500,"2017-12-28 04:32:16 +0000","2017-12-28 04:32:16.509247","2017-12-28 04:32:16.509247"
8,"no country match found for >Burma<; skipping line; in [1-codes/fips]",warn,,,14013,10252500,"2017-12-28 04:32:16 +0000","2017-12-28 04:32:16.548267","2017-12-28 04:32:16.548267"
9,"no country match found for >Navassa Island (US)<; skipping line; in [1-codes/fips]",warn,,,14013,10252500,"2017-12-28 04:32:16 +0000","2017-12-28 04:32:16.558310","2017-12-28 04:32:16.558310"
10,"no country match found for >Bassas da India (FR)<; skipping line; in [1-codes/fips]",warn,,,14013,10252500,"2017-12-28 04:32:16 +0000","2017-12-28 04:32:16.564756","2017-12-28 04:32:16.564756"
11,"no country match found for >Cocos (Keeling) Islands (AU)<; skipping line; in [1-codes/fips]",warn,,,14013,10252500,"2017-12-28 04:32:16 +0000","2017-12-28 04:32:16.607855","2017-12-28 04:32:16.607855"
12,"no country match found for >Coral Sea Islands (AU)<; skipping line; in [1-codes/fips]",warn,,,14013,10252500,"2017-12-28 04:32:16 +0000","2017-12-28 04:32:16.620922","2017-12-28 04:32:16.620922"
13,"no country match found for >Jarvis Island (US)<; skipping line; in [1-codes/fips]",warn,,,14013,10252500,"2017-12-28 04:32:16 +0000","2017-12-28 04:32:16.651051","2017-12-28 04:32:16.651051"
14,"no country match found for >Dhekelia (UK)<; skipping line; in [1-codes/fips]",warn,,,14013,10252500,"2017-12-28 04:32:16 +0000","2017-12-28 04:32:16.656327","2017-12-28 04:32:16.656327"
15,"no country match found for >Europa Island (FR)<; skipping line; in [1-codes/fips]",warn,,,14013,10252500,"2017-12-28 04:32:16 +0000","2017-12-28 04:32:16.681168","2017-12-28 04:32:16.681168"
16,"no country match found for >French Polynesia (FR)<; skipping line; in [1-codes/fips]",warn,,,14013,10252500,"2017-12-28 04:32:16 +0000","2017-12-28 04:32:16.704470","2017-12-28 04:32:16.704470"
17,"no country match found for >Baker Island (US)<; skipping line; in [1-codes/fips]",warn,,,14013,10252500,"2017-12-28 04:32:16 +0000","2017-12-28 04:32:16.707081","2017-12-28 04:32:16.707081"
18,"no country match found for >Glorioso Islands (FR)<; skipping line; in [1-codes/fips]",warn,,,14013,10252500,"2017-12-28 04:32:16 +0000","2017-12-28 04:32:16.742855","2017-12-28 04:32:16.742855"
19,"no country match found for >Gaza Strip (PS)<; skipping line; in [1-codes/fips]",warn,,,14013,10252500,"2017-12-28 04:32:16 +0000","2017-12-28 04:32:16.762277","2017-12-28 04:32:16.762277"
20,"no country match found for >Howland Island (US)<; skipping line; in [1-codes/fips]",warn,,,14013,10252500,"2017-12-28 04:32:16 +0000","2017-12-28 04:32:16.777639","2017-12-28 04:32:16.777639"
21,"no country match found for >Clipperton Island (FR)<; skipping line; in [1-codes/fips]",warn,,,14013,10252500,"2017-12-28 04:32:16 +0000","2017-12-28 04:32:16.801656","2017-12-28 04:32:16.801656"
22,"no country match found for >Jan Mayen (NO)<; skipping line; in [1-codes/fips]",warn,,,14013,10252500,"2017-12-28 04:32:16 +0000","2017-12-28 04:32:16.825776","2017-12-28 04:32:16.825776"
23,"no country match found for >Johnston Atoll (US)<; skipping line; in [1-codes/fips]",warn,,,14013,10252500,"2017-12-28 04:32:16 +0000","2017-12-28 04:32:16.831685","2017-12-28 04:32:16.831685"
24,"no country match found for >Juan de Nova Island (FR)<; skipping line; in [1-codes/fips]",warn,,,14013,10252500,"2017-12-28 04:32:16 +0000","2017-12-28 04:32:16.835733","2017-12-28 04:32:16.835733"
25,"no country match found for >Kingman Reef (US)<; skipping line; in [1-codes/fips]",warn,,,14013,10252500,"2017-12-28 04:32:16 +0000","2017-12-28 04:32:16.845979","2017-12-28 04:32:16.845979"
26,"no country match found for >Kosovo<; skipping line; in [1-codes/fips]",warn,,,14013,10252500,"2017-12-28 04:32:16 +0000","2017-12-28 04:32:16.860722","2017-12-28 04:32:16.860722"
27,"no country match found for >Palmyra Atoll (US)<; skipping line; in [1-codes/fips]",warn,,,14013,10252500,"2017-12-28 04:32:16 +0000","2017-12-28 04:32:16.887369","2017-12-28 04:32:16.887369"
28,"no country match found for >Midway Islands (US)<; skipping line; in [1-codes/fips]",warn,,,14013,10252500,"2017-12-28 04:32:16 +0000","2017-12-28 04:32:16.938788","2017-12-28 04:32:16.938788"
29,"no country match found for >Paracel Islands (CN)<; skipping line; in [1-codes/fips]",warn,,,14013,10252500,"2017-12-28 04:32:17 +0000","2017-12-28 04:32:17.012808","2017-12-28 04:32:17.012808"
30,"no country match found for >Spratly Islands<; skipping line; in [1-codes/fips]",warn,,,14013,10252500,"2017-12-28 04:32:17 +0000","2017-12-28 04:32:17.016676","2017-12-28 04:32:17.016676"
31,"no country match found for >South Kuril Islands (RU)<; skipping line; in [1-codes/fips]",warn,,,14013,10252500,"2017-12-28 04:32:17 +0000","2017-12-28 04:32:17.019221","2017-12-28 04:32:17.019221"
32,"no country match found for >Svalbard (NO)<; skipping line; in [1-codes/fips]",warn,,,14013,10252500,"2017-12-28 04:32:17 +0000","2017-12-28 04:32:17.109932","2017-12-28 04:32:17.109932"
33,"no country match found for >South Georgia and South Sandwich Islands (UK)<; skipping line; in [1-codes/fips]",warn,,,14013,10252500,"2017-12-28 04:32:17 +0000","2017-12-28 04:32:17.115166","2017-12-28 04:32:17.115166"
34,"no country match found for >Saint Barthelemy (FR)<; skipping line; in [1-codes/fips]",warn,,,14013,10252500,"2017-12-28 04:32:17 +0000","2017-12-28 04:32:17.123415","2017-12-28 04:32:17.123415"
35,"no country match found for >Tromelin Island (FR)<; skipping line; in [1-codes/fips]",warn,,,14013,10252500,"2017-12-28 04:32:17 +0000","2017-12-28 04:32:17.128902","2017-12-28 04:32:17.128902"
36,"no country match found for >Sao Tome and Principe<; skipping line; in [1-codes/fips]",warn,,,14013,10252500,"2017-12-28 04:32:17 +0000","2017-12-28 04:32:17.152109","2017-12-28 04:32:17.152109"
37,"no country match found for >West Bank<; skipping line; in [1-codes/fips]",warn,,,14013,10252500,"2017-12-28 04:32:17 +0000","2017-12-28 04:32:17.217576","2017-12-28 04:32:17.217576"
38,"no country match found for >Western Sahara (MA)<; skipping line; in [1-codes/fips]",warn,,,14013,10252500,"2017-12-28 04:32:17 +0000","2017-12-28 04:32:17.222627","2017-12-28 04:32:17.222627"
39,"no country match found for >Wake Island (US)<; skipping line; in [1-codes/fips]",warn,,,14013,10252500,"2017-12-28 04:32:17 +0000","2017-12-28 04:32:17.225143","2017-12-28 04:32:17.225143"
40,"no country match found for >Ascension Island<; skipping line; in [1-codes/internet]",warn,,,14013,10252500,"2017-12-28 04:32:17 +0000","2017-12-28 04:32:17.240922","2017-12-28 04:32:17.240922"
41,"no country match found for >Netherlands Antilles (NL)<; skipping line; in [1-codes/internet]",warn,,,14013,10252500,"2017-12-28 04:32:17 +0000","2017-12-28 04:32:17.266021","2017-12-28 04:32:17.266021"
42,"no country match found for >Cocos (Keeling) Islands (AU)<; skipping line; in [1-codes/internet]",warn,,,14013,10252500,"2017-12-28 04:32:17 +0000","2017-12-28 04:32:17.344993","2017-12-28 04:32:17.344993"
43,"no country match found for >French Polynesia<; skipping line; in [1-codes/internet]",warn,,,14013,10252500,"2017-12-28 04:32:17 +0000","2017-12-28 04:32:17.692693","2017-12-28 04:32:17.692693"
44,"no country match found for >Saint-Pierre and Miquelon<; skipping line; in [1-codes/internet]",warn,,,14013,10252500,"2017-12-28 04:32:17 +0000","2017-12-28 04:32:17.705628","2017-12-28 04:32:17.705628"
45,"no country match found for >Svalbard and Jan Mayen Islands<; skipping line; in [1-codes/internet]",warn,,,14013,10252500,"2017-12-28 04:32:17 +0000","2017-12-28 04:32:17.764099","2017-12-28 04:32:17.764099"
46,"no country match found for >Bonaire<; skipping line; in [1-codes/iso]",warn,,,14013,10252500,"2017-12-28 04:32:18 +0000","2017-12-28 04:32:18.502130","2017-12-28 04:32:18.502130"
47,"no country match found for >Cabo Verde<; skipping line; in [1-codes/iso]",warn,,,14013,10252500,"2017-12-28 04:32:18 +0000","2017-12-28 04:32:18.544442","2017-12-28 04:32:18.544442"
48,"no country match found for >Cocos (Keeling) Islands (AU)<; skipping line; in [1-codes/iso]",warn,,,14013,10252500,"2017-12-28 04:32:18 +0000","2017-12-28 04:32:18.566227","2017-12-28 04:32:18.566227"
49,"no country match found for >French Polynesia (FR)<; skipping line; in [1-codes/iso]",warn,,,14013,10252500,"2017-12-28 04:32:18 +0000","2017-12-28 04:32:18.647745","2017-12-28 04:32:18.647745"
50,"no country match found for >Sao Tome and Principe<; skipping line; in [1-codes/iso]",warn,,,14013,10252500,"2017-12-28 04:32:18 +0000","2017-12-28 04:32:18.957629","2017-12-28 04:32:18.957629"
51,"no country match found for >Svalbard and Jan Mayen<; skipping line; in [1-codes/iso]",warn,,,14013,10252500,"2017-12-28 04:32:19 +0000","2017-12-28 04:32:19.014445","2017-12-28 04:32:19.014445"
52,"no country match found for >United States Minor Outlying Islands (US)<; skipping line; in [1-codes/iso]",warn,,,14013,10252500,"2017-12-28 04:32:19 +0000","2017-12-28 04:32:19.086494","2017-12-28 04:32:19.086494"
53,"no country match found for >Western Sahara<; skipping line; in [1-codes/iso]",warn,,,14013,10252500,"2017-12-28 04:32:19 +0000","2017-12-28 04:32:19.111140","2017-12-28 04:32:19.111140"
54,"no country match found for >Burma<; skipping line; in [1-codes/motor]",warn,,,14013,10252500,"2017-12-28 04:32:19 +0000","2017-12-28 04:32:19.193524","2017-12-28 04:32:19.193524"
55,"no country match found for >Zanzibar<; skipping line; in [1-codes/motor]",warn,,,14013,10252500,"2017-12-28 04:32:19 +0000","2017-12-28 04:32:19.271138","2017-12-28 04:32:19.271138"
56,"no country match found for >Alderney<; skipping line; in [1-codes/motor]",warn,,,14013,10252500,"2017-12-28 04:32:19 +0000","2017-12-28 04:32:19.313562","2017-12-28 04:32:19.313562"
57,"no country match found for >Transnistria<; skipping line; in [1-codes/motor]",warn,,,14013,10252500,"2017-12-28 04:32:19 +0000","2017-12-28 04:32:19.503885","2017-12-28 04:32:19.503885"
58,"no country match found for >Kosovo<; skipping line; in [1-codes/motor]",warn,,,14013,10252500,"2017-12-28 04:32:19 +0000","2017-12-28 04:32:19.554373","2017-12-28 04:32:19.554373"
59,"no country match found for >Western Sahara<; skipping line; in [1-codes/motor]",warn,,,14013,10252500,"2017-12-28 04:32:19 +0000","2017-12-28 04:32:19.687567","2017-12-28 04:32:19.687567"
60,"unknown type for value >World< - key fifa",warn,,,14013,10252500,"2017-12-28 04:32:20 +0000","2017-12-28 04:32:20.860111","2017-12-28 04:32:20.860111"
61,"unknown type for value >Europe< - key uefa",warn,,,14013,10252500,"2017-12-28 04:32:20 +0000","2017-12-28 04:32:20.872759","2017-12-28 04:32:20.872759"
62,"unknown type for value >South America< - key conmebol",warn,,,14013,10252500,"2017-12-28 04:32:20 +0000","2017-12-28 04:32:20.882210","2017-12-28 04:32:20.882210"
63,"unknown type for value >North America, Central America & Caribbean Islands< - key concacaf",warn,,,14013,10252500,"2017-12-28 04:32:20 +0000","2017-12-28 04:32:20.886629","2017-12-28 04:32:20.886629"
64,"unknown type for value >Africa< - key caf",warn,,,14013,10252500,"2017-12-28 04:32:20 +0000","2017-12-28 04:32:20.892089","2017-12-28 04:32:20.892089"
65,"unknown type for value >Asia< - key afc",warn,,,14013,10252500,"2017-12-28 04:32:20 +0000","2017-12-28 04:32:20.896393","2017-12-28 04:32:20.896393"
66,"unknown type for value >Pacific< - key ofc",warn,,,14013,10252500,"2017-12-28 04:32:20 +0000","2017-12-28 04:32:20.901692","2017-12-28 04:32:20.901692"
67,"unknown type for value >Eastern Africa< - key cecafa",warn,,,14013,10252500,"2017-12-28 04:32:20 +0000","2017-12-28 04:32:20.915209","2017-12-28 04:32:20.915209"
68,"unknown type for value >Southern Africa< - key cosafa",warn,,,14013,10252500,"2017-12-28 04:32:20 +0000","2017-12-28 04:32:20.919262","2017-12-28 04:32:20.919262"
69,"unknown type for value >Western Africa< - key wafu",warn,,,14013,10252500,"2017-12-28 04:32:20 +0000","2017-12-28 04:32:20.924530","2017-12-28 04:32:20.924530"
70,"unknown type for value >Northern Africa< - key unaf",warn,,,14013,10252500,"2017-12-28 04:32:20 +0000","2017-12-28 04:32:20.928595","2017-12-28 04:32:20.928595"
71,"unknown type for value >Central Africa< - key uniffac",warn,,,14013,10252500,"2017-12-28 04:32:20 +0000","2017-12-28 04:32:20.933688","2017-12-28 04:32:20.933688"
72,"unknown type for value >West Asia (Middle East)< - key waff",warn,,,14013,10252500,"2017-12-28 04:32:20 +0000","2017-12-28 04:32:20.937887","2017-12-28 04:32:20.937887"
73,"unknown type for value >East Asia< - key eaff",warn,,,14013,10252500,"2017-12-28 04:32:20 +0000","2017-12-28 04:32:20.941806","2017-12-28 04:32:20.941806"
74,"unknown type for value >Central and South Asia< - key csaff",warn,,,14013,10252500,"2017-12-28 04:32:20 +0000","2017-12-28 04:32:20.946889","2017-12-28 04:32:20.946889"
75,"unknown type for value >Southeast Asia & Australia< - key aff",warn,,,14013,10252500,"2017-12-28 04:32:20 +0000","2017-12-28 04:32:20.950934","2017-12-28 04:32:20.950934"
76,"unknown type for value >Arab League / League of Arab States< - key uafa",warn,,,14013,10252500,"2017-12-28 04:32:20 +0000","2017-12-28 04:32:20.956146","2017-12-28 04:32:20.956146"
77,"unknown type for value >< - key gha",warn,,,14013,10252500,"2017-12-28 04:32:21 +0000","2017-12-28 04:32:21.088788","2017-12-28 04:32:21.088788"
78,"city with key cairo missing",warn,,,14013,10252500,"2017-12-28 04:32:36 +0000","2017-12-28 04:32:36.007542","2017-12-28 04:32:36.007542"
79,"city with key giza missing",warn,,,14013,10252500,"2017-12-28 04:32:36 +0000","2017-12-28 04:32:36.011791","2017-12-28 04:32:36.011791"
80,"city with key ismailia missing",warn,,,14013,10252500,"2017-12-28 04:32:36 +0000","2017-12-28 04:32:36.014986","2017-12-28 04:32:36.014986"
81,"city with key alexandria missing",warn,,,14013,10252500,"2017-12-28 04:32:36 +0000","2017-12-28 04:32:36.017927","2017-12-28 04:32:36.017927"
82,"city with key cairo missing",warn,,,14013,10252500,"2017-12-28 04:32:36 +0000","2017-12-28 04:32:36.020884","2017-12-28 04:32:36.020884"
83,"city with key cairo missing",warn,,,14013,10252500,"2017-12-28 04:32:36 +0000","2017-12-28 04:32:36.023745","2017-12-28 04:32:36.023745"
84,"city with key cairo missing",warn,,,14013,10252500,"2017-12-28 04:32:36 +0000","2017-12-28 04:32:36.026531","2017-12-28 04:32:36.026531"
85,"city with key hurghada missing",warn,,,14013,10252500,"2017-12-28 04:32:36 +0000","2017-12-28 04:32:36.031885","2017-12-28 04:32:36.031885"
86,"city with key cairo missing",warn,,,14013,10252500,"2017-12-28 04:32:36 +0000","2017-12-28 04:32:36.034730","2017-12-28 04:32:36.034730"
87,"city with key elmahallaelkubra missing",warn,,,14013,10252500,"2017-12-28 04:32:36 +0000","2017-12-28 04:32:36.037673","2017-12-28 04:32:36.037673"
88,"city with key alexandria missing",warn,,,14013,10252500,"2017-12-28 04:32:36 +0000","2017-12-28 04:32:36.040607","2017-12-28 04:32:36.040607"
89,"city with key cairo missing",warn,,,14013,10252500,"2017-12-28 04:32:36 +0000","2017-12-28 04:32:36.043548","2017-12-28 04:32:36.043548"
90,"city with key fayoum missing",warn,,,14013,10252500,"2017-12-28 04:32:36 +0000","2017-12-28 04:32:36.046281","2017-12-28 04:32:36.046281"
91,"city with key suez missing",warn,,,14013,10252500,"2017-12-28 04:32:36 +0000","2017-12-28 04:32:36.048993","2017-12-28 04:32:36.048993"
92,"city with key alexandria missing",warn,,,14013,10252500,"2017-12-28 04:32:36 +0000","2017-12-28 04:32:36.051982","2017-12-28 04:32:36.051982"
93,"city with key cairo missing",warn,,,14013,10252500,"2017-12-28 04:32:36 +0000","2017-12-28 04:32:36.054724","2017-12-28 04:32:36.054724"
94,"city with key banisweif missing",warn,,,14013,10252500,"2017-12-28 04:32:36 +0000","2017-12-28 04:32:36.057477","2017-12-28 04:32:36.057477"
95,"city with key cairo missing",warn,,,14013,10252500,"2017-12-28 04:32:36 +0000","2017-12-28 04:32:36.060404","2017-12-28 04:32:36.060404"
96,"city with key busan missing",warn,,,14013,10252500,"2017-12-28 04:32:36 +0000","2017-12-28 04:32:36.102840","2017-12-28 04:32:36.102840"
97,"city with key gwangyang missing",warn,,,14013,10252500,"2017-12-28 04:32:36 +0000","2017-12-28 04:32:36.105717","2017-12-28 04:32:36.105717"
98,"city with key daegu missing",warn,,,14013,10252500,"2017-12-28 04:32:36 +0000","2017-12-28 04:32:36.108538","2017-12-28 04:32:36.108538"
99,"city with key daejeon missing",warn,,,14013,10252500,"2017-12-28 04:32:36 +0000","2017-12-28 04:32:36.111562","2017-12-28 04:32:36.111562"
100,"city with key gangneung missing",warn,,,14013,10252500,"2017-12-28 04:32:36 +0000","2017-12-28 04:32:36.114300","2017-12-28 04:32:36.114300"
101,"city with key changwon missing",warn,,,14013,10252500,"2017-12-28 04:32:36 +0000","2017-12-28 04:32:36.116979","2017-12-28 04:32:36.116979"
102,"city with key incheon missing",warn,,,14013,10252500,"2017-12-28 04:32:36 +0000","2017-12-28 04:32:36.119777","2017-12-28 04:32:36.119777"
103,"city with key seogwipo missing",warn,,,14013,10252500,"2017-12-28 04:32:36 +0000","2017-12-28 04:32:36.122617","2017-12-28 04:32:36.122617"
104,"city with key jeonju missing",warn,,,14013,10252500,"2017-12-28 04:32:36 +0000","2017-12-28 04:32:36.125955","2017-12-28 04:32:36.125955"
105,"city with key pohang missing",warn,,,14013,10252500,"2017-12-28 04:32:36 +0000","2017-12-28 04:32:36.129988","2017-12-28 04:32:36.129988"
106,"city with key seongnam missing",warn,,,14013,10252500,"2017-12-28 04:32:36 +0000","2017-12-28 04:32:36.132975","2017-12-28 04:32:36.132975"
107,"city with key suwon missing",warn,,,14013,10252500,"2017-12-28 04:32:36 +0000","2017-12-28 04:32:36.137470","2017-12-28 04:32:36.137470"
108,"city with key ulsan missing",warn,,,14013,10252500,"2017-12-28 04:32:36 +0000","2017-12-28 04:32:36.140362","2017-12-28 04:32:36.140362"
109,"city with key arima missing",warn,,,14013,10252500,"2017-12-28 04:32:36 +0000","2017-12-28 04:32:36.161479","2017-12-28 04:32:36.161479"
110,"city with key narabella missing",warn,,,14013,10252500,"2017-12-28 04:32:36 +0000","2017-12-28 04:32:36.164844","2017-12-28 04:32:36.164844"
111,"city with key bayamon missing",warn,,,14013,10252500,"2017-12-28 04:32:36 +0000","2017-12-28 04:32:36.167878","2017-12-28 04:32:36.167878"
112,"city with key saintmarc missing",warn,,,14013,10252500,"2017-12-28 04:32:36 +0000","2017-12-28 04:32:36.170929","2017-12-28 04:32:36.170929"
113,"city with key metapan missing",warn,,,14013,10252500,"2017-12-28 04:32:36 +0000","2017-12-28 04:32:36.176645","2017-12-28 04:32:36.176645"
114,"city with key santaana missing",warn,,,14013,10252500,"2017-12-28 04:32:36 +0000","2017-12-28 04:32:36.181698","2017-12-28 04:32:36.181698"
115,"city with key alajuela missing",warn,,,14013,10252500,"2017-12-28 04:32:36 +0000","2017-12-28 04:32:36.188358","2017-12-28 04:32:36.188358"
116,"city with key heredia missing",warn,,,14013,10252500,"2017-12-28 04:32:36 +0000","2017-12-28 04:32:36.191894","2017-12-28 04:32:36.191894"
117,"city with key sanpedrosula missing",warn,,,14013,10252500,"2017-12-28 04:32:36 +0000","2017-12-28 04:32:36.199960","2017-12-28 04:32:36.199960"
118,"city with key sanpedrosula missing",warn,,,14013,10252500,"2017-12-28 04:32:36 +0000","2017-12-28 04:32:36.202905","2017-12-28 04:32:36.202905"
119,"city with key guatemala missing",warn,,,14013,10252500,"2017-12-28 04:32:36 +0000","2017-12-28 04:32:36.209715","2017-12-28 04:32:36.209715"
120,"city with key quetzaltenango missing",warn,,,14013,10252500,"2017-12-28 04:32:36 +0000","2017-12-28 04:32:36.212741","2017-12-28 04:32:36.212741"
121,"city with key guatemala missing",warn,,,14013,10252500,"2017-12-28 04:32:36 +0000","2017-12-28 04:32:36.215624","2017-12-28 04:32:36.215624"
122,"city with key panama missing",warn,,,14013,10252500,"2017-12-28 04:32:36 +0000","2017-12-28 04:32:36.220112","2017-12-28 04:32:36.220112"
123,"city with key panama missing",warn,,,14013,10252500,"2017-12-28 04:32:36 +0000","2017-12-28 04:32:36.223024","2017-12-28 04:32:36.223024"
124,"city with key colon missing",warn,,,14013,10252500,"2017-12-28 04:32:36 +0000","2017-12-28 04:32:36.227778","2017-12-28 04:32:36.227778"
125,"city with key lachorrera missing",warn,,,14013,10252500,"2017-12-28 04:32:36 +0000","2017-12-28 04:32:36.230872","2017-12-28 04:32:36.230872"
126,"city with key esteli missing",warn,,,14013,10252500,"2017-12-28 04:32:36 +0000","2017-12-28 04:32:36.235643","2017-12-28 04:32:36.235643"
127,"unknown type for value >fodbold.aabsport.dk< - key aalborg",warn,,,14013,10252500,"2017-12-28 04:32:36 +0000","2017-12-28 04:32:36.335956","2017-12-28 04:32:36.335956"
128,"city with key bucuresti missing",warn,,,14013,10252500,"2017-12-28 04:32:36 +0000","2017-12-28 04:32:36.411604","2017-12-28 04:32:36.411604"
129,"city with key bucuresti missing",warn,,,14013,10252500,"2017-12-28 04:32:36 +0000","2017-12-28 04:32:36.414456","2017-12-28 04:32:36.414456"
130,"city with key bucuresti missing",warn,,,14013,10252500,"2017-12-28 04:32:36 +0000","2017-12-28 04:32:36.417316","2017-12-28 04:32:36.417316"
131,"city with key cluj missing",warn,,,14013,10252500,"2017-12-28 04:32:36 +0000","2017-12-28 04:32:36.420097","2017-12-28 04:32:36.420097"
132,"city with key cluj missing",warn,,,14013,10252500,"2017-12-28 04:32:36 +0000","2017-12-28 04:32:36.424709","2017-12-28 04:32:36.424709"
133,"city with key istanbul missing",warn,,,14013,10252500,"2017-12-28 04:32:36 +0000","2017-12-28 04:32:36.542041","2017-12-28 04:32:36.542041"
134,"city with key istanbul missing",warn,,,14013,10252500,"2017-12-28 04:32:36 +0000","2017-12-28 04:32:36.545076","2017-12-28 04:32:36.545076"
135,"city with key kharkov missing",warn,,,14013,10252500,"2017-12-28 04:32:36 +0000","2017-12-28 04:32:36.566434","2017-12-28 04:32:36.566434"
136,"city with key dnipropetrovsk missing",warn,,,14013,10252500,"2017-12-28 04:32:36 +0000","2017-12-28 04:32:36.569274","2017-12-28 04:32:36.569274"
137,"city with key borisov missing",warn,,,14013,10252500,"2017-12-28 04:32:36 +0000","2017-12-28 04:32:36.653450","2017-12-28 04:32:36.653450"
138,"city with key zagreb missing",warn,,,14013,10252500,"2017-12-28 04:32:36 +0000","2017-12-28 04:32:36.877563","2017-12-28 04:32:36.877563"
139,"city with key piraeus missing",warn,,,14013,10252500,"2017-12-28 04:32:36 +0000","2017-12-28 04:32:36.970896","2017-12-28 04:32:36.970896"
140,"city with key nikosia missing",warn,,,14013,10252500,"2017-12-28 04:32:36 +0000","2017-12-28 04:32:36.994293","2017-12-28 04:32:36.994293"
141,"city with key Glasgow missing",warn,,,14013,10252500,"2017-12-28 04:32:37 +0000","2017-12-28 04:32:37.039067","2017-12-28 04:32:37.039067"
142,"city with key Dundee missing",warn,,,14013,10252500,"2017-12-28 04:32:37 +0000","2017-12-28 04:32:37.043111","2017-12-28 04:32:37.043111"
143,"city with key Aberdeen missing",warn,,,14013,10252500,"2017-12-28 04:32:37 +0000","2017-12-28 04:32:37.045978","2017-12-28 04:32:37.045978"
144,"city with key Perth missing",warn,,,14013,10252500,"2017-12-28 04:32:37 +0000","2017-12-28 04:32:37.048641","2017-12-28 04:32:37.048641"
145,"city with key Inverness missing",warn,,,14013,10252500,"2017-12-28 04:32:37 +0000","2017-12-28 04:32:37.051161","2017-12-28 04:32:37.051161"
146,"city with key Dundee missing",warn,,,14013,10252500,"2017-12-28 04:32:37 +0000","2017-12-28 04:32:37.053680","2017-12-28 04:32:37.053680"
147,"city with key Glasgow missing",warn,,,14013,10252500,"2017-12-28 04:32:37 +0000","2017-12-28 04:32:37.057516","2017-12-28 04:32:37.057516"
148,"city with key adelaide missing",warn,,,14013,10252500,"2017-12-28 04:32:37 +0000","2017-12-28 04:32:37.100808","2017-12-28 04:32:37.100808"
149,"city with key brisbane missing",warn,,,14013,10252500,"2017-12-28 04:32:37 +0000","2017-12-28 04:32:37.103794","2017-12-28 04:32:37.103794"
150,"city with key gosford missing",warn,,,14013,10252500,"2017-12-28 04:32:37 +0000","2017-12-28 04:32:37.106562","2017-12-28 04:32:37.106562"
151,"city with key melbourne missing",warn,,,14013,10252500,"2017-12-28 04:32:37 +0000","2017-12-28 04:32:37.109291","2017-12-28 04:32:37.109291"
152,"city with key melbourne missing",warn,,,14013,10252500,"2017-12-28 04:32:37 +0000","2017-12-28 04:32:37.112116","2017-12-28 04:32:37.112116"
153,"city with key perth missing",warn,,,14013,10252500,"2017-12-28 04:32:37 +0000","2017-12-28 04:32:37.116956","2017-12-28 04:32:37.116956"
154,"city with key sydney missing",warn,,,14013,10252500,"2017-12-28 04:32:37 +0000","2017-12-28 04:32:37.119864","2017-12-28 04:32:37.119864"
155,"city with key sydney missing",warn,,,14013,10252500,"2017-12-28 04:32:37 +0000","2017-12-28 04:32:37.122888","2017-12-28 04:32:37.122888"
156,"city with key auckland missing",warn,,,14013,10252500,"2017-12-28 04:32:37 +0000","2017-12-28 04:32:37.127330","2017-12-28 04:32:37.127330"
157,"city with key christchurch missing",warn,,,14013,10252500,"2017-12-28 04:32:37 +0000","2017-12-28 04:32:37.131136","2017-12-28 04:32:37.131136"
158,"city with key napier missing",warn,,,14013,10252500,"2017-12-28 04:32:37 +0000","2017-12-28 04:32:37.137731","2017-12-28 04:32:37.137731"
159,"city with key dunedin missing",warn,,,14013,10252500,"2017-12-28 04:32:37 +0000","2017-12-28 04:32:37.140580","2017-12-28 04:32:37.140580"
160,"city with key waitakerecity missing",warn,,,14013,10252500,"2017-12-28 04:32:37 +0000","2017-12-28 04:32:37.147697","2017-12-28 04:32:37.147697"
161,"city with key palmerstonnorth missing",warn,,,14013,10252500,"2017-12-28 04:32:37 +0000","2017-12-28 04:32:37.151094","2017-12-28 04:32:37.151094"
162,"city with key laplata missing",warn,,,14013,10252500,"2017-12-28 04:32:37 +0000","2017-12-28 04:32:37.189756","2017-12-28 04:32:37.189756"
163,"city with key santafe missing",warn,,,14013,10252500,"2017-12-28 04:32:37 +0000","2017-12-28 04:32:37.193064","2017-12-28 04:32:37.193064"
164,"city with key santafe missing",warn,,,14013,10252500,"2017-12-28 04:32:37 +0000","2017-12-28 04:32:37.197410","2017-12-28 04:32:37.197410"
165,"city with key rafaela missing",warn,,,14013,10252500,"2017-12-28 04:32:37 +0000","2017-12-28 04:32:37.203314","2017-12-28 04:32:37.203314"
166,"city with key cordoba missing",warn,,,14013,10252500,"2017-12-28 04:32:37 +0000","2017-12-28 04:32:37.206311","2017-12-28 04:32:37.206311"
167,"city with key mendoza missing",warn,,,14013,10252500,"2017-12-28 04:32:37 +0000","2017-12-28 04:32:37.209856","2017-12-28 04:32:37.209856"
168,"city with key sanjuan missing",warn,,,14013,10252500,"2017-12-28 04:32:37 +0000","2017-12-28 04:32:37.212919","2017-12-28 04:32:37.212919"
169,"city with key potosi missing",warn,,,14013,10252500,"2017-12-28 04:32:37 +0000","2017-12-28 04:32:37.221699","2017-12-28 04:32:37.221699"
170,"city with key oruro missing",warn,,,14013,10252500,"2017-12-28 04:32:37 +0000","2017-12-28 04:32:37.225560","2017-12-28 04:32:37.225560"
171,"city with key talcahuano missing",warn,,,14013,10252500,"2017-12-28 04:32:37 +0000","2017-12-28 04:32:37.242129","2017-12-28 04:32:37.242129"
172,"city with key iquique missing",warn,,,14013,10252500,"2017-12-28 04:32:37 +0000","2017-12-28 04:32:37.245731","2017-12-28 04:32:37.245731"
173,"city with key loja missing",warn,,,14013,10252500,"2017-12-28 04:32:37 +0000","2017-12-28 04:32:37.278413","2017-12-28 04:32:37.278413"
174,"city with key chiclayo missing",warn,,,14013,10252500,"2017-12-28 04:32:37 +0000","2017-12-28 04:32:37.289177","2017-12-28 04:32:37.289177"
175,"city with key cuzco missing",warn,,,14013,10252500,"2017-12-28 04:32:37 +0000","2017-12-28 04:32:37.297030","2017-12-28 04:32:37.297030"
176,"city with key trujillo missing",warn,,,14013,10252500,"2017-12-28 04:32:37 +0000","2017-12-28 04:32:37.301157","2017-12-28 04:32:37.301157"
177,"unknown type for value >C. N. de F.< - key nacional",warn,,,14013,10252500,"2017-12-28 04:32:37 +0000","2017-12-28 04:32:37.319074","2017-12-28 04:32:37.319074"
178,"city with key providence missing",warn,,,14013,10252500,"2017-12-28 04:32:37 +0000","2017-12-28 04:32:37.393204","2017-12-28 04:32:37.393204"
179,"unknown type for value >Erste Liga/Bgld.< - key mattersburg",warn,,,14013,10252500,"2017-12-28 04:33:18 +0000","2017-12-28 04:33:18.098939","2017-12-28 04:33:18.098939"
180,"unknown type for value >Regionalliga West/Sbg.< - key salzburgii",warn,,,14013,10252500,"2017-12-28 04:33:18 +0000","2017-12-28 04:33:18.107959","2017-12-28 04:33:18.107959"
181,"unknown type for value >Erste Liga/NÖ< - key wrneustadt",warn,,,14013,10252500,"2017-12-28 04:33:18 +0000","2017-12-28 04:33:18.127388","2017-12-28 04:33:18.127388"
182,"unknown type for value >Erste Liga/Tirol< - key innsbruck",warn,,,14013,10252500,"2017-12-28 04:33:18 +0000","2017-12-28 04:33:18.130931","2017-12-28 04:33:18.130931"
183,"unknown type for value >Erste Liga/Vbg.< - key alustenau",warn,,,14013,10252500,"2017-12-28 04:33:18 +0000","2017-12-28 04:33:18.134100","2017-12-28 04:33:18.134100"
184,"unknown type for value >Erste Liga/NÖ< - key stpoelten",warn,,,14013,10252500,"2017-12-28 04:33:18 +0000","2017-12-28 04:33:18.137168","2017-12-28 04:33:18.137168"
185,"unknown type for value >Erste Liga/Stmk.< - key ksv",warn,,,14013,10252500,"2017-12-28 04:33:18 +0000","2017-12-28 04:33:18.142917","2017-12-28 04:33:18.142917"
186,"unknown type for value >Erste Liga/Ktn.< - key aklagenfurt",warn,,,14013,10252500,"2017-12-28 04:33:18 +0000","2017-12-28 04:33:18.147162","2017-12-28 04:33:18.147162"
187,"unknown type for value >Erste Liga/Sbg.< - key asalzburg",warn,,,14013,10252500,"2017-12-28 04:33:18 +0000","2017-12-28 04:33:18.150047","2017-12-28 04:33:18.150047"
188,"unknown type for value >Erste Liga/Sbg.< - key liefering",warn,,,14013,10252500,"2017-12-28 04:33:18 +0000","2017-12-28 04:33:18.152777","2017-12-28 04:33:18.152777"
189,"unknown type for value >Erste Liga/Wien< - key fac",warn,,,14013,10252500,"2017-12-28 04:33:18 +0000","2017-12-28 04:33:18.155613","2017-12-28 04:33:18.155613"
190,"unknown type for value >Erste Liga/OÖ< - key lask",warn,,,14013,10252500,"2017-12-28 04:33:18 +0000","2017-12-28 04:33:18.159155","2017-12-28 04:33:18.159155"
191,"unknown type for value >Regionalliga Ost/Bgld.< - key oberwart",warn,,,14013,10252500,"2017-12-28 04:33:18 +0000","2017-12-28 04:33:18.165292","2017-12-28 04:33:18.165292"
192,"unknown type for value >Regionalliga Ost/Bgld.< - key stegersbach",warn,,,14013,10252500,"2017-12-28 04:33:18 +0000","2017-12-28 04:33:18.170259","2017-12-28 04:33:18.170259"
193,"unknown type for value >Regionalliga Mitte/Ktn.< - key vsv",warn,,,14013,10252500,"2017-12-28 04:33:18 +0000","2017-12-28 04:33:18.186247","2017-12-28 04:33:18.186247"
194,"unknown type for value >Regionalliga Mitte/Ktn.< - key klagenfurt",warn,,,14013,10252500,"2017-12-28 04:33:18 +0000","2017-12-28 04:33:18.189034","2017-12-28 04:33:18.189034"
195,"unknown type for value >Kärntner Liga< - key spittal",warn,,,14013,10252500,"2017-12-28 04:33:18 +0000","2017-12-28 04:33:18.191958","2017-12-28 04:33:18.191958"
196,"unknown type for value >Regionalliga Ost/NÖ< - key horn",warn,,,14013,10252500,"2017-12-28 04:33:18 +0000","2017-12-28 04:33:18.205993","2017-12-28 04:33:18.205993"
197,"unknown type for value >Regionalliga Ost/NÖ< - key sollenau",warn,,,14013,10252500,"2017-12-28 04:33:18 +0000","2017-12-28 04:33:18.209448","2017-12-28 04:33:18.209448"
198,"unknown type for value >Regionalliga Ost/NÖ< - key amstetten",warn,,,14013,10252500,"2017-12-28 04:33:18 +0000","2017-12-28 04:33:18.212823","2017-12-28 04:33:18.212823"
199,"unknown type for value >Regionalliga Ost/NÖ< - key retz",warn,,,14013,10252500,"2017-12-28 04:33:18 +0000","2017-12-28 04:33:18.216553","2017-12-28 04:33:18.216553"
200,"unknown type for value >Regionalliga Ost/NÖ< - key obergrafendorf",warn,,,14013,10252500,"2017-12-28 04:33:18 +0000","2017-12-28 04:33:18.219180","2017-12-28 04:33:18.219180"
201,"unknown type for value >Landesliga/NÖ< - key badvoeslau",warn,,,14013,10252500,"2017-12-28 04:33:18 +0000","2017-12-28 04:33:18.221760","2017-12-28 04:33:18.221760"
202,"unknown type for value >Landesliga/NÖ< - key gaflenz",warn,,,14013,10252500,"2017-12-28 04:33:18 +0000","2017-12-28 04:33:18.224377","2017-12-28 04:33:18.224377"
203,"unknown type for value >Landesliga/NÖ< - key ardagger",warn,,,14013,10252500,"2017-12-28 04:33:18 +0000","2017-12-28 04:33:18.227698","2017-12-28 04:33:18.227698"
204,"unknown type for value >2. Landesliga West/NÖ< - key rohrendorf",warn,,,14013,10252500,"2017-12-28 04:33:18 +0000","2017-12-28 04:33:18.230300","2017-12-28 04:33:18.230300"
205,"unknown type for value >2. Liga Süd/NÖ< - key heiligenkreuz",warn,,,14013,10252500,"2017-12-28 04:33:18 +0000","2017-12-28 04:33:18.232939","2017-12-28 04:33:18.232939"
206,"unknown type for value >USC Grafenwörth|Grafenwörth< - key grafenwoerth",warn,,,14013,10252500,"2017-12-28 04:33:18 +0000","2017-12-28 04:33:18.261792","2017-12-28 04:33:18.261792"
207,"unknown type for value >Regionalliga Mitte/OÖ< - key linz",warn,,,14013,10252500,"2017-12-28 04:33:18 +0000","2017-12-28 04:33:18.272859","2017-12-28 04:33:18.272859"
208,"unknown type for value >Regionalliga Mitte/OÖ< - key pasching",warn,,,14013,10252500,"2017-12-28 04:33:18 +0000","2017-12-28 04:33:18.275689","2017-12-28 04:33:18.275689"
209,"unknown type for value >Regionalliga Mitte/OÖ< - key voecklamarkt",warn,,,14013,10252500,"2017-12-28 04:33:18 +0000","2017-12-28 04:33:18.278416","2017-12-28 04:33:18.278416"
210,"unknown type for value >Regionalliga Mitte/OÖ< - key stflorian",warn,,,14013,10252500,"2017-12-28 04:33:18 +0000","2017-12-28 04:33:18.282576","2017-12-28 04:33:18.282576"
211,"unknown type for value >Regionalliga Mitte/OÖ< - key wallern",warn,,,14013,10252500,"2017-12-28 04:33:18 +0000","2017-12-28 04:33:18.285183","2017-12-28 04:33:18.285183"
212,"unknown type for value >OÖ Liga< - key micheldorf",warn,,,14013,10252500,"2017-12-28 04:33:18 +0000","2017-12-28 04:33:18.287743","2017-12-28 04:33:18.287743"
213,"unknown type for value >Regionalliga West/Sbg.< - key stjohann",warn,,,14013,10252500,"2017-12-28 04:33:18 +0000","2017-12-28 04:33:18.297766","2017-12-28 04:33:18.297766"
214,"unknown type for value >Regionalliga West/Sbg.< - key neumarkt",warn,,,14013,10252500,"2017-12-28 04:33:18 +0000","2017-12-28 04:33:18.300421","2017-12-28 04:33:18.300421"
215,"unknown type for value >Regionalliga West/Sbg.< - key seekirchen",warn,,,14013,10252500,"2017-12-28 04:33:18 +0000","2017-12-28 04:33:18.304015","2017-12-28 04:33:18.304015"
216,"unknown type for value >Regionalliga West/Sbg.< - key walsgruenau",warn,,,14013,10252500,"2017-12-28 04:33:18 +0000","2017-12-28 04:33:18.307260","2017-12-28 04:33:18.307260"
217,"unknown type for value >Salzburger Liga< - key sak",warn,,,14013,10252500,"2017-12-28 04:33:18 +0000","2017-12-28 04:33:18.311147","2017-12-28 04:33:18.311147"
218,"unknown type for value >Regionalliga Mitte/Stmk.< - key kalsdorf",warn,,,14013,10252500,"2017-12-28 04:33:18 +0000","2017-12-28 04:33:18.320931","2017-12-28 04:33:18.320931"
219,"unknown type for value >Regionalliga Mitte/Stmk.< - key gratkorn",warn,,,14013,10252500,"2017-12-28 04:33:18 +0000","2017-12-28 04:33:18.323601","2017-12-28 04:33:18.323601"
220,"unknown type for value >Regionalliga Mitte/Stmk.< - key allerheiligen",warn,,,14013,10252500,"2017-12-28 04:33:18 +0000","2017-12-28 04:33:18.326833","2017-12-28 04:33:18.326833"
221,"unknown type for value >Landesliga/Stmk.< - key dsc",warn,,,14013,10252500,"2017-12-28 04:33:18 +0000","2017-12-28 04:33:18.332523","2017-12-28 04:33:18.332523"
222,"unknown type for value >Regionalliga West/Tirol< - key kufstein",warn,,,14013,10252500,"2017-12-28 04:33:18 +0000","2017-12-28 04:33:18.343692","2017-12-28 04:33:18.343692"
223,"unknown type for value >Regionalliga West/Tirol< - key wattens",warn,,,14013,10252500,"2017-12-28 04:33:18 +0000","2017-12-28 04:33:18.347795","2017-12-28 04:33:18.347795"
224,"unknown type for value >Regionalliga West/Tirol< - key schwaz",warn,,,14013,10252500,"2017-12-28 04:33:18 +0000","2017-12-28 04:33:18.350686","2017-12-28 04:33:18.350686"
225,"unknown type for value >Tirol Liga< - key reutte",warn,,,14013,10252500,"2017-12-28 04:33:18 +0000","2017-12-28 04:33:18.353460","2017-12-28 04:33:18.353460"
226,"unknown type for value >Regionalliga West/Vbg.< - key hard",warn,,,14013,10252500,"2017-12-28 04:33:18 +0000","2017-12-28 04:33:18.365258","2017-12-28 04:33:18.365258"
227,"unknown type for value >Regionalliga West/Vbg.< - key bregenz",warn,,,14013,10252500,"2017-12-28 04:33:18 +0000","2017-12-28 04:33:18.368222","2017-12-28 04:33:18.368222"
228,"unknown type for value >Regionalliga West/Vbg.< - key dornbirn",warn,,,14013,10252500,"2017-12-28 04:33:18 +0000","2017-12-28 04:33:18.372451","2017-12-28 04:33:18.372451"
229,"unknown type for value >Vorarlberg Liga< - key wolfurt",warn,,,14013,10252500,"2017-12-28 04:33:18 +0000","2017-12-28 04:33:18.375108","2017-12-28 04:33:18.375108"
230,"unknown type for value >Regionalliga Ost/Wien< - key wienersk",warn,,,14013,10252500,"2017-12-28 04:33:18 +0000","2017-12-28 04:33:18.388220","2017-12-28 04:33:18.388220"
231,"unknown type for value >Regionalliga Ost/Wien< - key viktoria",warn,,,14013,10252500,"2017-12-28 04:33:18 +0000","2017-12-28 04:33:18.393178","2017-12-28 04:33:18.393178"
232,"city with key cottbus missing",warn,,,14013,10252500,"2017-12-28 04:33:33 +0000","2017-12-28 04:33:33.724220","2017-12-28 04:33:33.724220"
233,"city with key regensburg missing",warn,,,14013,10252500,"2017-12-28 04:33:33 +0000","2017-12-28 04:33:33.769083","2017-12-28 04:33:33.769083"
234,"city with key malaga missing",warn,,,14013,10252500,"2017-12-28 04:34:06 +0000","2017-12-28 04:34:06.638135","2017-12-28 04:34:06.638135"
235,"city with key bilbao missing",warn,,,14013,10252500,"2017-12-28 04:34:06 +0000","2017-12-28 04:34:06.642250","2017-12-28 04:34:06.642250"
236,"city with key granada missing",warn,,,14013,10252500,"2017-12-28 04:34:06 +0000","2017-12-28 04:34:06.646975","2017-12-28 04:34:06.646975"
237,"city with key vigo missing",warn,,,14013,10252500,"2017-12-28 04:34:06 +0000","2017-12-28 04:34:06.650257","2017-12-28 04:34:06.650257"
238,"city with key sansebastian missing",warn,,,14013,10252500,"2017-12-28 04:34:06 +0000","2017-12-28 04:34:06.653337","2017-12-28 04:34:06.653337"
239,"city with key valladolid missing",warn,,,14013,10252500,"2017-12-28 04:34:06 +0000","2017-12-28 04:34:06.656216","2017-12-28 04:34:06.656216"
240,"city with key acoruna missing",warn,,,14013,10252500,"2017-12-28 04:34:06 +0000","2017-12-28 04:34:06.660066","2017-12-28 04:34:06.660066"
241,"city with key elche missing",warn,,,14013,10252500,"2017-12-28 04:34:06 +0000","2017-12-28 04:34:06.672690","2017-12-28 04:34:06.672690"
242,"city with key almeria missing",warn,,,14013,10252500,"2017-12-28 04:34:06 +0000","2017-12-28 04:34:06.675998","2017-12-28 04:34:06.675998"
243,"city with key pamplona missing",warn,,,14013,10252500,"2017-12-28 04:34:06 +0000","2017-12-28 04:34:06.682411","2017-12-28 04:34:06.682411"
244,"city with key villarreal missing",warn,,,14013,10252500,"2017-12-28 04:34:06 +0000","2017-12-28 04:34:06.685304","2017-12-28 04:34:06.685304"
245,"city with key palma missing",warn,,,14013,10252500,"2017-12-28 04:34:06 +0000","2017-12-28 04:34:06.705686","2017-12-28 04:34:06.705686"
246,"city with key zaragoza missing",warn,,,14013,10252500,"2017-12-28 04:34:06 +0000","2017-12-28 04:34:06.716466","2017-12-28 04:34:06.716466"
247,"city with key genova missing",warn,,,14013,10252500,"2017-12-28 04:34:27 +0000","2017-12-28 04:34:27.635899","2017-12-28 04:34:27.635899"
248,"city with key genova missing",warn,,,14013,10252500,"2017-12-28 04:34:27 +0000","2017-12-28 04:34:27.639560","2017-12-28 04:34:27.639560"
249,"city with key torino missing",warn,,,14013,10252500,"2017-12-28 04:34:27 +0000","2017-12-28 04:34:27.645250","2017-12-28 04:34:27.645250"
250,"city with key torino missing",warn,,,14013,10252500,"2017-12-28 04:34:27 +0000","2017-12-28 04:34:27.650005","2017-12-28 04:34:27.650005"
251,"city with key bergamo missing",warn,,,14013,10252500,"2017-12-28 04:34:27 +0000","2017-12-28 04:34:27.655582","2017-12-28 04:34:27.655582"
252,"city with key verona missing",warn,,,14013,10252500,"2017-12-28 04:34:27 +0000","2017-12-28 04:34:27.659690","2017-12-28 04:34:27.659690"
253,"city with key firenze missing",warn,,,14013,10252500,"2017-12-28 04:34:27 +0000","2017-12-28 04:34:27.663868","2017-12-28 04:34:27.663868"
254,"city with key udine missing",warn,,,14013,10252500,"2017-12-28 04:34:27 +0000","2017-12-28 04:34:27.668120","2017-12-28 04:34:27.668120"
255,"city with key sassuolo missing",warn,,,14013,10252500,"2017-12-28 04:34:27 +0000","2017-12-28 04:34:27.671744","2017-12-28 04:34:27.671744"
256,"city with key palermo missing",warn,,,14013,10252500,"2017-12-28 04:34:27 +0000","2017-12-28 04:34:27.677905","2017-12-28 04:34:27.677905"
257,"city with key empoli missing",warn,,,14013,10252500,"2017-12-28 04:34:27 +0000","2017-12-28 04:34:27.683085","2017-12-28 04:34:27.683085"
258,"city with key bologna missing",warn,,,14013,10252500,"2017-12-28 04:34:27 +0000","2017-12-28 04:34:27.686423","2017-12-28 04:34:27.686423"
259,"city with key cagliari missing",warn,,,14013,10252500,"2017-12-28 04:34:27 +0000","2017-12-28 04:34:27.689719","2017-12-28 04:34:27.689719"
260,"city with key crotone missing",warn,,,14013,10252500,"2017-12-28 04:34:27 +0000","2017-12-28 04:34:27.694117","2017-12-28 04:34:27.694117"
261,"city with key pescara missing",warn,,,14013,10252500,"2017-12-28 04:34:27 +0000","2017-12-28 04:34:27.697351","2017-12-28 04:34:27.697351"
262,"city with key parma missing",warn,,,14013,10252500,"2017-12-28 04:34:27 +0000","2017-12-28 04:34:27.702879","2017-12-28 04:34:27.702879"
263,"city with key catania missing",warn,,,14013,10252500,"2017-12-28 04:34:27 +0000","2017-12-28 04:34:27.706149","2017-12-28 04:34:27.706149"
264,"city with key livorno missing",warn,,,14013,10252500,"2017-12-28 04:34:27 +0000","2017-12-28 04:34:27.711714","2017-12-28 04:34:27.711714"
265,"city with key siena missing",warn,,,14013,10252500,"2017-12-28 04:34:27 +0000","2017-12-28 04:34:27.716475","2017-12-28 04:34:27.716475"
266,"city with key carpi missing",warn,,,14013,10252500,"2017-12-28 04:34:27 +0000","2017-12-28 04:34:27.719859","2017-12-28 04:34:27.719859"
267,"city with key Frosinone missing",warn,,,14013,10252500,"2017-12-28 04:34:27 +0000","2017-12-28 04:34:27.723581","2017-12-28 04:34:27.723581"
268,"city with key verona missing",warn,,,14013,10252500,"2017-12-28 04:34:27 +0000","2017-12-28 04:34:27.727769","2017-12-28 04:34:27.727769"
269,"city with key cesena missing",warn,,,14013,10252500,"2017-12-28 04:34:27 +0000","2017-12-28 04:34:27.731928","2017-12-28 04:34:27.731928"
270,"city with key ferrara missing",warn,,,14013,10252500,"2017-12-28 04:34:27 +0000","2017-12-28 04:34:27.735949","2017-12-28 04:34:27.735949"
271,"city with key benevento missing",warn,,,14013,10252500,"2017-12-28 04:34:27 +0000","2017-12-28 04:34:27.739051","2017-12-28 04:34:27.739051"
272,"unknown type for value >FCGB< - key bordeaux",warn,,,14013,10252500,"2017-12-28 04:34:45 +0000","2017-12-28 04:34:45.368298","2017-12-28 04:34:45.368298"
273,"unknown type for value >ASSE< - key saintetienne",warn,,,14013,10252500,"2017-12-28 04:34:45 +0000","2017-12-28 04:34:45.379047","2017-12-28 04:34:45.379047"
274,"unknown type for value >LOSC< - key lille",warn,,,14013,10252500,"2017-12-28 04:34:45 +0000","2017-12-28 04:34:45.383098","2017-12-28 04:34:45.383098"
275,"unknown type for value >SRFC< - key rennes",warn,,,14013,10252500,"2017-12-28 04:34:45 +0000","2017-12-28 04:34:45.387674","2017-12-28 04:34:45.387674"
276,"unknown type for value >OGCN< - key nice",warn,,,14013,10252500,"2017-12-28 04:34:45 +0000","2017-12-28 04:34:45.397048","2017-12-28 04:34:45.397048"
277,"unknown type for value >MHSC< - key montpellier",warn,,,14013,10252500,"2017-12-28 04:34:45 +0000","2017-12-28 04:34:45.400033","2017-12-28 04:34:45.400033"
278,"unknown type for value >ESTAC< - key troyes",warn,,,14013,10252500,"2017-12-28 04:34:45 +0000","2017-12-28 04:34:45.410500","2017-12-28 04:34:45.410500"
279,"unknown type for value >SB29< - key brest",warn,,,14013,10252500,"2017-12-28 04:34:45 +0000","2017-12-28 04:34:45.428861","2017-12-28 04:34:45.428861"
280,"unknown type for value >CF63< - key clermont",warn,,,14013,10252500,"2017-12-28 04:34:45 +0000","2017-12-28 04:34:45.433147","2017-12-28 04:34:45.433147"
281,"unknown type for value >USCL< - key creteil",warn,,,14013,10252500,"2017-12-28 04:34:45 +0000","2017-12-28 04:34:45.436710","2017-12-28 04:34:45.436710"
282,"unknown type for value >DFCO< - key dijon",warn,,,14013,10252500,"2017-12-28 04:34:45 +0000","2017-12-28 04:34:45.440978","2017-12-28 04:34:45.440978"
283,"unknown type for value >LAVAL< - key laval",warn,,,14013,10252500,"2017-12-28 04:34:45 +0000","2017-12-28 04:34:45.448315","2017-12-28 04:34:45.448315"
284,"unknown type for value >ASNL< - key nancy",warn,,,14013,10252500,"2017-12-28 04:34:45 +0000","2017-12-28 04:34:45.455484","2017-12-28 04:34:45.455484"
285,"unknown type for value >NIORT< - key niort",warn,,,14013,10252500,"2017-12-28 04:34:45 +0000","2017-12-28 04:34:45.459272","2017-12-28 04:34:45.459272"
286,"unknown type for value >NIMES< - key nimes",warn,,,14013,10252500,"2017-12-28 04:34:45 +0000","2017-12-28 04:34:45.464124","2017-12-28 04:34:45.464124"
287,"unknown type for value >FCSM< - key sochaux",warn,,,14013,10252500,"2017-12-28 04:34:45 +0000","2017-12-28 04:34:45.468848","2017-12-28 04:34:45.468848"
288,"unknown type for value >TOURS< - key tours",warn,,,14013,10252500,"2017-12-28 04:34:45 +0000","2017-12-28 04:34:45.471782","2017-12-28 04:34:45.471782"
289,"unknown type for value >VAFC< - key valenciennes",warn,,,14013,10252500,"2017-12-28 04:34:45 +0000","2017-12-28 04:34:45.476620","2017-12-28 04:34:45.476620"
290,"city with key wil missing",warn,,,14013,10252500,"2017-12-28 04:34:51 +0000","2017-12-28 04:34:51.544138","2017-12-28 04:34:51.544138"
291,"city with key winterthur missing",warn,,,14013,10252500,"2017-12-28 04:34:51 +0000","2017-12-28 04:34:51.547016","2017-12-28 04:34:51.547016"
292,"city with key chiasso missing",warn,,,14013,10252500,"2017-12-28 04:34:51 +0000","2017-12-28 04:34:51.550014","2017-12-28 04:34:51.550014"
293,"city with key biel missing",warn,,,14013,10252500,"2017-12-28 04:34:51 +0000","2017-12-28 04:34:51.553076","2017-12-28 04:34:51.553076"
294,"city with key wohlen missing",warn,,,14013,10252500,"2017-12-28 04:34:51 +0000","2017-12-28 04:34:51.555916","2017-12-28 04:34:51.555916"
295,"city with key schaffhausen missing",warn,,,14013,10252500,"2017-12-28 04:34:51 +0000","2017-12-28 04:34:51.561117","2017-12-28 04:34:51.561117"
296,"  !!!! no round match found for date 2013-09-19T12:00:00+00:00",warn,,,14013,10252500,"2017-12-28 04:34:55 +0000","2017-12-28 04:34:55.625276","2017-12-28 04:34:55.625276"
297,"  !!!! no round match found for date 2014-09-16T12:00:00+00:00",warn,,,14013,10252500,"2017-12-28 04:34:59 +0000","2017-12-28 04:34:59.616995","2017-12-28 04:34:59.616995"
298,"  !!!! no round match found for date 2014-11-04T12:00:00+00:00",warn,,,14013,10252500,"2017-12-28 04:35:01 +0000","2017-12-28 04:35:01.121889","2017-12-28 04:35:01.121889"
299,"  !!!! no round match found for date 2014-12-09T12:00:00+00:00",warn,,,14013,10252500,"2017-12-28 04:35:02 +0000","2017-12-28 04:35:02.733855","2017-12-28 04:35:02.733855"
300,"  !!!! no round match found for date 2014-10-21T12:00:00+00:00",warn,,,14013,10252500,"2017-12-28 04:35:05 +0000","2017-12-28 04:35:05.033032","2017-12-28 04:35:05.033032"
301,"  !!!! no round match found for date 2014-11-25T12:00:00+00:00",warn,,,14013,10252500,"2017-12-28 04:35:06 +0000","2017-12-28 04:35:06.891830","2017-12-28 04:35:06.891830"
302,"hash reader - found tab (	) replacing w/ two spaces; yaml forbids tabs; see yaml.org/faq.html (path=)",warn,,,14013,10252500,"2017-12-28 04:35:09 +0000","2017-12-28 04:35:09.400686","2017-12-28 04:35:09.400686"
303,"  !!!! no round match found for date 2015-09-15T12:00:00+00:00",warn,,,14013,10252500,"2017-12-28 04:35:09 +0000","2017-12-28 04:35:09.673497","2017-12-28 04:35:09.673497"
304,"  !!!! no round match found for date 2015-11-03T12:00:00+00:00",warn,,,14013,10252500,"2017-12-28 04:35:11 +0000","2017-12-28 04:35:11.597723","2017-12-28 04:35:11.597723"
305,"  !!!! no round match found for date 2015-12-08T12:00:00+00:00",warn,,,14013,10252500,"2017-12-28 04:35:13 +0000","2017-12-28 04:35:13.371501","2017-12-28 04:35:13.371501"
306,"  !!!! no round match found for date 2015-09-29T12:00:00+00:00",warn,,,14013,10252500,"2017-12-28 04:35:15 +0000","2017-12-28 04:35:15.324683","2017-12-28 04:35:15.324683"
307,"  !!!! no round match found for date 2015-10-20T12:00:00+00:00",warn,,,14013,10252500,"2017-12-28 04:35:16 +0000","2017-12-28 04:35:16.999857","2017-12-28 04:35:16.999857"
308,"  !!!! no round match found for date 2015-11-24T12:00:00+00:00",warn,,,14013,10252500,"2017-12-28 04:35:18 +0000","2017-12-28 04:35:18.820356","2017-12-28 04:35:18.820356"
309,"  !!!! no round match found for date 2015-03-06T12:00:00+00:00",warn,,,14013,10252500,"2017-12-28 04:35:24 +0000","2017-12-28 04:35:24.232990","2017-12-28 04:35:24.232990"
310,"  !!!! no round match found for date 2015-03-07T12:00:00+00:00",warn,,,14013,10252500,"2017-12-28 04:35:26 +0000","2017-12-28 04:35:26.073589","2017-12-28 04:35:26.073589"
311,"  !!!! no round match found for date 2015-03-08T12:00:00+00:00",warn,,,14013,10252500,"2017-12-28 04:35:27 +0000","2017-12-28 04:35:27.578278","2017-12-28 04:35:27.578278"
312,"  !!!! no round match found for date 2015-03-13T12:00:00+00:00",warn,,,14013,10252500,"2017-12-28 04:35:29 +0000","2017-12-28 04:35:29.238485","2017-12-28 04:35:29.238485"
313,"  !!!! no round match found for date 2015-03-14T12:00:00+00:00",warn,,,14013,10252500,"2017-12-28 04:35:31 +0000","2017-12-28 04:35:31.388357","2017-12-28 04:35:31.388357"
314,"  !!!! no round match found for date 2015-03-15T12:00:00+00:00",warn,,,14013,10252500,"2017-12-28 04:35:32 +0000","2017-12-28 04:35:32.967328","2017-12-28 04:35:32.967328"
315,"  !!!! no round match found for date 2015-03-21T12:00:00+00:00",warn,,,14013,10252500,"2017-12-28 04:35:34 +0000","2017-12-28 04:35:34.655922","2017-12-28 04:35:34.655922"
316,"  !!!! no round match found for date 2015-03-22T12:00:00+00:00",warn,,,14013,10252500,"2017-12-28 04:35:36 +0000","2017-12-28 04:35:36.586436","2017-12-28 04:35:36.586436"
317,"  !!!! no round match found for date 2015-03-28T12:00:00+00:00",warn,,,14013,10252500,"2017-12-28 04:35:38 +0000","2017-12-28 04:35:38.486201","2017-12-28 04:35:38.486201"
318,"  !!!! no round match found for date 2015-03-29T12:00:00+00:00",warn,,,14013,10252500,"2017-12-28 04:35:40 +0000","2017-12-28 04:35:40.114330","2017-12-28 04:35:40.114330"
319,"  !!!! no round match found for date 2015-04-03T12:00:00+00:00",warn,,,14013,10252500,"2017-12-28 04:35:41 +0000","2017-12-28 04:35:41.780365","2017-12-28 04:35:41.780365"
320,"  !!!! no round match found for date 2015-04-04T12:00:00+00:00",warn,,,14013,10252500,"2017-12-28 04:35:43 +0000","2017-12-28 04:35:43.362464","2017-12-28 04:35:43.362464"
321,"  !!!! no round match found for date 2015-04-05T12:00:00+00:00",warn,,,14013,10252500,"2017-12-28 04:35:45 +0000","2017-12-28 04:35:45.099314","2017-12-28 04:35:45.099314"
322,"  !!!! no round match found for date 2015-04-08T12:00:00+00:00",warn,,,14013,10252500,"2017-12-28 04:35:46 +0000","2017-12-28 04:35:46.555510","2017-12-28 04:35:46.555510"
323,"  !!!! no round match found for date 2015-04-10T12:00:00+00:00",warn,,,14013,10252500,"2017-12-28 04:35:48 +0000","2017-12-28 04:35:48.440853","2017-12-28 04:35:48.440853"
324,"  !!!! no round match found for date 2015-04-11T12:00:00+00:00",warn,,,14013,10252500,"2017-12-28 04:35:50 +0000","2017-12-28 04:35:50.295941","2017-12-28 04:35:50.295941"
325,"  !!!! no round match found for date 2015-04-12T12:00:00+00:00",warn,,,14013,10252500,"2017-12-28 04:35:52 +0000","2017-12-28 04:35:52.111608","2017-12-28 04:35:52.111608"
326,"  !!!! no round match found for date 2015-04-16T12:00:00+00:00",warn,,,14013,10252500,"2017-12-28 04:35:54 +0000","2017-12-28 04:35:54.054582","2017-12-28 04:35:54.054582"
327,"  !!!! no round match found for date 2015-04-17T12:00:00+00:00",warn,,,14013,10252500,"2017-12-28 04:35:55 +0000","2017-12-28 04:35:55.624251","2017-12-28 04:35:55.624251"
328,"  !!!! no round match found for date 2015-04-18T12:00:00+00:00",warn,,,14013,10252500,"2017-12-28 04:35:57 +0000","2017-12-28 04:35:57.660499","2017-12-28 04:35:57.660499"
329,"  !!!! no round match found for date 2015-04-19T12:00:00+00:00",warn,,,14013,10252500,"2017-12-28 04:35:59 +0000","2017-12-28 04:35:59.594970","2017-12-28 04:35:59.594970"
330,"  !!!! no round match found for date 2015-04-24T12:00:00+00:00",warn,,,14013,10252500,"2017-12-28 04:36:01 +0000","2017-12-28 04:36:01.175239","2017-12-28 04:36:01.175239"
331,"  !!!! no round match found for date 2015-04-25T12:00:00+00:00",warn,,,14013,10252500,"2017-12-28 04:36:03 +0000","2017-12-28 04:36:03.028783","2017-12-28 04:36:03.028783"
332,"  !!!! no round match found for date 2015-04-26T12:00:00+00:00",warn,,,14013,10252500,"2017-12-28 04:36:04 +0000","2017-12-28 04:36:04.646343","2017-12-28 04:36:04.646343"
333,"  !!!! no round match found for date 2015-04-29T12:00:00+00:00",warn,,,14013,10252500,"2017-12-28 04:36:06 +0000","2017-12-28 04:36:06.114953","2017-12-28 04:36:06.114953"
334,"  !!!! no round match found for date 2015-05-01T12:00:00+00:00",warn,,,14013,10252500,"2017-12-28 04:36:07 +0000","2017-12-28 04:36:07.953991","2017-12-28 04:36:07.953991"
335,"  !!!! no round match found for date 2015-05-02T12:00:00+00:00",warn,,,14013,10252500,"2017-12-28 04:36:10 +0000","2017-12-28 04:36:10.350802","2017-12-28 04:36:10.350802"
336,"  !!!! no round match found for date 2015-05-03T12:00:00+00:00",warn,,,14013,10252500,"2017-12-28 04:36:12 +0000","2017-12-28 04:36:12.129580","2017-12-28 04:36:12.129580"
337,"  !!!! no round match found for date 2015-05-05T12:00:00+00:00",warn,,,14013,10252500,"2017-12-28 04:36:13 +0000","2017-12-28 04:36:13.540828","2017-12-28 04:36:13.540828"
338,"  !!!! no round match found for date 2015-05-06T12:00:00+00:00",warn,,,14013,10252500,"2017-12-28 04:36:15 +0000","2017-12-28 04:36:15.343404","2017-12-28 04:36:15.343404"
339,"  !!!! no round match found for date 2015-05-08T12:00:00+00:00",warn,,,14013,10252500,"2017-12-28 04:36:16 +0000","2017-12-28 04:36:16.776342","2017-12-28 04:36:16.776342"
340,"  !!!! no round match found for date 2015-05-09T12:00:00+00:00",warn,,,14013,10252500,"2017-12-28 04:36:18 +0000","2017-12-28 04:36:18.221411","2017-12-28 04:36:18.221411"
341,"  !!!! no round match found for date 2015-05-10T12:00:00+00:00",warn,,,14013,10252500,"2017-12-28 04:36:19 +0000","2017-12-28 04:36:19.963672","2017-12-28 04:36:19.963672"
342,"  !!!! no round match found for date 2015-05-13T12:00:00+00:00",warn,,,14013,10252500,"2017-12-28 04:36:21 +0000","2017-12-28 04:36:21.382292","2017-12-28 04:36:21.382292"
343,"  !!!! no round match found for date 2015-05-15T12:00:00+00:00",warn,,,14013,10252500,"2017-12-28 04:36:22 +0000","2017-12-28 04:36:22.940617","2017-12-28 04:36:22.940617"
344,"  !!!! no round match found for date 2015-05-16T12:00:00+00:00",warn,,,14013,10252500,"2017-12-28 04:36:24 +0000","2017-12-28 04:36:24.669457","2017-12-28 04:36:24.669457"
345,"  !!!! no round match found for date 2015-05-17T12:00:00+00:00",warn,,,14013,10252500,"2017-12-28 04:36:26 +0000","2017-12-28 04:36:26.364189","2017-12-28 04:36:26.364189"
346,"  !!!! no round match found for date 2015-05-20T12:00:00+00:00",warn,,,14013,10252500,"2017-12-28 04:36:27 +0000","2017-12-28 04:36:27.982762","2017-12-28 04:36:27.982762"
347,"  !!!! no round match found for date 2015-05-22T12:00:00+00:00",warn,,,14013,10252500,"2017-12-28 04:36:29 +0000","2017-12-28 04:36:29.359470","2017-12-28 04:36:29.359470"
348,"  !!!! no round match found for date 2015-05-23T12:00:00+00:00",warn,,,14013,10252500,"2017-12-28 04:36:30 +0000","2017-12-28 04:36:30.862010","2017-12-28 04:36:30.862010"
349,"  !!!! no round match found for date 2015-05-24T12:00:00+00:00",warn,,,14013,10252500,"2017-12-28 04:36:32 +0000","2017-12-28 04:36:32.641960","2017-12-28 04:36:32.641960"
350,"  !!!! no round match found for date 2015-05-27T12:00:00+00:00",warn,,,14013,10252500,"2017-12-28 04:36:34 +0000","2017-12-28 04:36:34.306638","2017-12-28 04:36:34.306638"
351,"  !!!! no round match found for date 2015-05-29T12:00:00+00:00",warn,,,14013,10252500,"2017-12-28 04:36:35 +0000","2017-12-28 04:36:35.755541","2017-12-28 04:36:35.755541"
352,"  !!!! no round match found for date 2015-05-30T12:00:00+00:00",warn,,,14013,10252500,"2017-12-28 04:36:37 +0000","2017-12-28 04:36:37.538539","2017-12-28 04:36:37.538539"
353,"  !!!! no round match found for date 2015-05-31T12:00:00+00:00",warn,,,14013,10252500,"2017-12-28 04:36:39 +0000","2017-12-28 04:36:39.078783","2017-12-28 04:36:39.078783"
354,"  !!!! no round match found for date 2015-06-03T12:00:00+00:00",warn,,,14013,10252500,"2017-12-28 04:36:40 +0000","2017-12-28 04:36:40.696584","2017-12-28 04:36:40.696584"
355,"  !!!! no round match found for date 2015-06-05T12:00:00+00:00",warn,,,14013,10252500,"2017-12-28 04:36:42 +0000","2017-12-28 04:36:42.621369","2017-12-28 04:36:42.621369"
356,"  !!!! no round match found for date 2015-06-06T12:00:00+00:00",warn,,,14013,10252500,"2017-12-28 04:36:44 +0000","2017-12-28 04:36:44.284227","2017-12-28 04:36:44.284227"
357,"  !!!! no round match found for date 2015-06-07T12:00:00+00:00",warn,,,14013,10252500,"2017-12-28 04:36:45 +0000","2017-12-28 04:36:45.897792","2017-12-28 04:36:45.897792"
358,"  !!!! no round match found for date 2015-06-13T12:00:00+00:00",warn,,,14013,10252500,"2017-12-28 04:36:47 +0000","2017-12-28 04:36:47.396692","2017-12-28 04:36:47.396692"
359,"  !!!! no round match found for date 2015-06-14T12:00:00+00:00",warn,,,14013,10252500,"2017-12-28 04:36:49 +0000","2017-12-28 04:36:49.372944","2017-12-28 04:36:49.372944"
360,"  !!!! no round match found for date 2015-06-19T12:00:00+00:00",warn,,,14013,10252500,"2017-12-28 04:36:51 +0000","2017-12-28 04:36:51.347507","2017-12-28 04:36:51.347507"
361,"  !!!! no round match found for date 2015-06-20T12:00:00+00:00",warn,,,14013,10252500,"2017-12-28 04:36:53 +0000","2017-12-28 04:36:53.061268","2017-12-28 04:36:53.061268"
362,"  !!!! no round match found for date 2015-06-21T12:00:00+00:00",warn,,,14013,10252500,"2017-12-28 04:36:54 +0000","2017-12-28 04:36:54.732214","2017-12-28 04:36:54.732214"
363,"  !!!! no round match found for date 2015-06-24T12:00:00+00:00",warn,,,14013,10252500,"2017-12-28 04:36:56 +0000","2017-12-28 04:36:56.573986","2017-12-28 04:36:56.573986"
364,"  !!!! no round match found for date 2015-06-26T12:00:00+00:00",warn,,,14013,10252500,"2017-12-28 04:36:58 +0000","2017-12-28 04:36:58.026732","2017-12-28 04:36:58.026732"
365,"  !!!! no round match found for date 2015-06-27T12:00:00+00:00",warn,,,14013,10252500,"2017-12-28 04:36:59 +0000","2017-12-28 04:36:59.809855","2017-12-28 04:36:59.809855"
366,"  !!!! no round match found for date 2015-06-28T12:00:00+00:00",warn,,,14013,10252500,"2017-12-28 04:37:02 +0000","2017-12-28 04:37:02.008142","2017-12-28 04:37:02.008142"
367,"  !!!! no round match found for date 2015-07-03T12:00:00+00:00",warn,,,14013,10252500,"2017-12-28 04:37:03 +0000","2017-12-28 04:37:03.866266","2017-12-28 04:37:03.866266"
368,"  !!!! no round match found for date 2015-07-04T12:00:00+00:00",warn,,,14013,10252500,"2017-12-28 04:37:06 +0000","2017-12-28 04:37:06.219310","2017-12-28 04:37:06.219310"
369,"  !!!! no round match found for date 2015-07-05T12:00:00+00:00",warn,,,14013,10252500,"2017-12-28 04:37:08 +0000","2017-12-28 04:37:08.496297","2017-12-28 04:37:08.496297"
370,"  !!!! no round match found for date 2015-07-10T12:00:00+00:00",warn,,,14013,10252500,"2017-12-28 04:37:10 +0000","2017-12-28 04:37:10.415195","2017-12-28 04:37:10.415195"
371,"  !!!! no round match found for date 2015-07-11T12:00:00+00:00",warn,,,14013,10252500,"2017-12-28 04:37:12 +0000","2017-12-28 04:37:12.069338","2017-12-28 04:37:12.069338"
372,"  !!!! no round match found for date 2015-07-12T12:00:00+00:00",warn,,,14013,10252500,"2017-12-28 04:37:13 +0000","2017-12-28 04:37:13.733806","2017-12-28 04:37:13.733806"
373,"  !!!! no round match found for date 2015-07-15T12:00:00+00:00",warn,,,14013,10252500,"2017-12-28 04:37:15 +0000","2017-12-28 04:37:15.730150","2017-12-28 04:37:15.730150"
374,"  !!!! no round match found for date 2015-07-17T12:00:00+00:00",warn,,,14013,10252500,"2017-12-28 04:37:17 +0000","2017-12-28 04:37:17.589006","2017-12-28 04:37:17.589006"
375,"  !!!! no round match found for date 2015-07-18T12:00:00+00:00",warn,,,14013,10252500,"2017-12-28 04:37:19 +0000","2017-12-28 04:37:19.060098","2017-12-28 04:37:19.060098"
376,"  !!!! no round match found for date 2015-07-19T12:00:00+00:00",warn,,,14013,10252500,"2017-12-28 04:37:20 +0000","2017-12-28 04:37:20.771353","2017-12-28 04:37:20.771353"
377,"  !!!! no round match found for date 2015-07-24T12:00:00+00:00",warn,,,14013,10252500,"2017-12-28 04:37:22 +0000","2017-12-28 04:37:22.528845","2017-12-28 04:37:22.528845"
378,"  !!!! no round match found for date 2015-07-25T12:00:00+00:00",warn,,,14013,10252500,"2017-12-28 04:37:24 +0000","2017-12-28 04:37:24.435910","2017-12-28 04:37:24.435910"
379,"  !!!! no round match found for date 2015-07-26T12:00:00+00:00",warn,,,14013,10252500,"2017-12-28 04:37:26 +0000","2017-12-28 04:37:26.124132","2017-12-28 04:37:26.124132"
380,"  !!!! no round match found for date 2015-08-01T12:00:00+00:00",warn,,,14013,10252500,"2017-12-28 04:37:27 +0000","2017-12-28 04:37:27.603715","2017-12-28 04:37:27.603715"
381,"  !!!! no round match found for date 2015-08-02T12:00:00+00:00",warn,,,14013,10252500,"2017-12-28 04:37:29 +0000","2017-12-28 04:37:29.469236","2017-12-28 04:37:29.469236"
382,"  !!!! no round match found for date 2015-08-05T12:00:00+00:00",warn,,,14013,10252500,"2017-12-28 04:37:31 +0000","2017-12-28 04:37:31.132407","2017-12-28 04:37:31.132407"
383,"  !!!! no round match found for date 2015-08-07T12:00:00+00:00",warn,,,14013,10252500,"2017-12-28 04:37:32 +0000","2017-12-28 04:37:32.860118","2017-12-28 04:37:32.860118"
384,"  !!!! no round match found for date 2015-08-08T12:00:00+00:00",warn,,,14013,10252500,"2017-12-28 04:37:34 +0000","2017-12-28 04:37:34.398348","2017-12-28 04:37:34.398348"
385,"  !!!! no round match found for date 2015-08-09T12:00:00+00:00",warn,,,14013,10252500,"2017-12-28 04:37:36 +0000","2017-12-28 04:37:36.105780","2017-12-28 04:37:36.105780"
386,"  !!!! no round match found for date 2015-08-13T12:00:00+00:00",warn,,,14013,10252500,"2017-12-28 04:37:37 +0000","2017-12-28 04:37:37.584578","2017-12-28 04:37:37.584578"
387,"  !!!! no round match found for date 2015-08-14T12:00:00+00:00",warn,,,14013,10252500,"2017-12-28 04:37:39 +0000","2017-12-28 04:37:39.828871","2017-12-28 04:37:39.828871"
388,"  !!!! no round match found for date 2015-08-15T12:00:00+00:00",warn,,,14013,10252500,"2017-12-28 04:37:42 +0000","2017-12-28 04:37:42.061345","2017-12-28 04:37:42.061345"
389,"  !!!! no round match found for date 2015-08-16T12:00:00+00:00",warn,,,14013,10252500,"2017-12-28 04:37:44 +0000","2017-12-28 04:37:44.405144","2017-12-28 04:37:44.405144"
390,"  !!!! no round match found for date 2015-08-19T12:00:00+00:00",warn,,,14013,10252500,"2017-12-28 04:37:46 +0000","2017-12-28 04:37:46.812778","2017-12-28 04:37:46.812778"
391,"  !!!! no round match found for date 2015-08-21T12:00:00+00:00",warn,,,14013,10252500,"2017-12-28 04:37:48 +0000","2017-12-28 04:37:48.844529","2017-12-28 04:37:48.844529"
392,"  !!!! no round match found for date 2015-08-22T12:00:00+00:00",warn,,,14013,10252500,"2017-12-28 04:37:51 +0000","2017-12-28 04:37:51.193989","2017-12-28 04:37:51.193989"
393,"  !!!! no round match found for date 2015-08-23T12:00:00+00:00",warn,,,14013,10252500,"2017-12-28 04:37:53 +0000","2017-12-28 04:37:53.311086","2017-12-28 04:37:53.311086"
394,"  !!!! no round match found for date 2015-08-26T12:00:00+00:00",warn,,,14013,10252500,"2017-12-28 04:37:55 +0000","2017-12-28 04:37:55.147604","2017-12-28 04:37:55.147604"
395,"  !!!! no round match found for date 2015-08-28T12:00:00+00:00",warn,,,14013,10252500,"2017-12-28 04:37:57 +0000","2017-12-28 04:37:57.195554","2017-12-28 04:37:57.195554"
396,"  !!!! no round match found for date 2015-08-29T12:00:00+00:00",warn,,,14013,10252500,"2017-12-28 04:37:59 +0000","2017-12-28 04:37:59.320453","2017-12-28 04:37:59.320453"
397,"  !!!! no round match found for date 2015-08-30T12:00:00+00:00",warn,,,14013,10252500,"2017-12-28 04:38:01 +0000","2017-12-28 04:38:01.260018","2017-12-28 04:38:01.260018"
398,"  !!!! no round match found for date 2015-09-05T12:00:00+00:00",warn,,,14013,10252500,"2017-12-28 04:38:03 +0000","2017-12-28 04:38:03.557916","2017-12-28 04:38:03.557916"
399,"  !!!! no round match found for date 2015-09-06T12:00:00+00:00",warn,,,14013,10252500,"2017-12-28 04:38:05 +0000","2017-12-28 04:38:05.550321","2017-12-28 04:38:05.550321"
400,"  !!!! no round match found for date 2015-09-09T12:00:00+00:00",warn,,,14013,10252500,"2017-12-28 04:38:07 +0000","2017-12-28 04:38:07.515973","2017-12-28 04:38:07.515973"
401,"  !!!! no round match found for date 2015-09-11T12:00:00+00:00",warn,,,14013,10252500,"2017-12-28 04:38:09 +0000","2017-12-28 04:38:09.815306","2017-12-28 04:38:09.815306"
402,"  !!!! no round match found for date 2015-09-12T12:00:00+00:00",warn,,,14013,10252500,"2017-12-28 04:38:11 +0000","2017-12-28 04:38:11.345341","2017-12-28 04:38:11.345341"
403,"  !!!! no round match found for date 2015-09-13T12:00:00+00:00",warn,,,14013,10252500,"2017-12-28 04:38:12 +0000","2017-12-28 04:38:12.914578","2017-12-28 04:38:12.914578"
404,"  !!!! no round match found for date 2015-09-16T12:00:00+00:00",warn,,,14013,10252500,"2017-12-28 04:38:14 +0000","2017-12-28 04:38:14.846574","2017-12-28 04:38:14.846574"
405,"  !!!! no round match found for date 2015-09-18T12:00:00+00:00",warn,,,14013,10252500,"2017-12-28 04:38:16 +0000","2017-12-28 04:38:16.746716","2017-12-28 04:38:16.746716"
406,"  !!!! no round match found for date 2015-09-19T12:00:00+00:00",warn,,,14013,10252500,"2017-12-28 04:38:18 +0000","2017-12-28 04:38:18.951259","2017-12-28 04:38:18.951259"
407,"  !!!! no round match found for date 2015-09-20T12:00:00+00:00",warn,,,14013,10252500,"2017-12-28 04:38:20 +0000","2017-12-28 04:38:20.619727","2017-12-28 04:38:20.619727"
408,"  !!!! no round match found for date 2015-09-23T12:00:00+00:00",warn,,,14013,10252500,"2017-12-28 04:38:22 +0000","2017-12-28 04:38:22.190210","2017-12-28 04:38:22.190210"
409,"  !!!! no round match found for date 2015-09-25T12:00:00+00:00",warn,,,14013,10252500,"2017-12-28 04:38:24 +0000","2017-12-28 04:38:24.020041","2017-12-28 04:38:24.020041"
410,"  !!!! no round match found for date 2015-09-26T12:00:00+00:00",warn,,,14013,10252500,"2017-12-28 04:38:25 +0000","2017-12-28 04:38:25.820107","2017-12-28 04:38:25.820107"
411,"  !!!! no round match found for date 2015-09-27T12:00:00+00:00",warn,,,14013,10252500,"2017-12-28 04:38:27 +0000","2017-12-28 04:38:27.675796","2017-12-28 04:38:27.675796"
412,"  !!!! no round match found for date 2015-10-02T12:00:00+00:00",warn,,,14013,10252500,"2017-12-28 04:38:29 +0000","2017-12-28 04:38:29.407335","2017-12-28 04:38:29.407335"
413,"  !!!! no round match found for date 2015-10-03T12:00:00+00:00",warn,,,14013,10252500,"2017-12-28 04:38:30 +0000","2017-12-28 04:38:30.997898","2017-12-28 04:38:30.997898"
414,"  !!!! no round match found for date 2015-10-04T12:00:00+00:00",warn,,,14013,10252500,"2017-12-28 04:38:32 +0000","2017-12-28 04:38:32.735172","2017-12-28 04:38:32.735172"
415,"  !!!! no round match found for date 2015-10-07T12:00:00+00:00",warn,,,14013,10252500,"2017-12-28 04:38:34 +0000","2017-12-28 04:38:34.456502","2017-12-28 04:38:34.456502"
416,"  !!!! no round match found for date 2015-10-10T12:00:00+00:00",warn,,,14013,10252500,"2017-12-28 04:38:35 +0000","2017-12-28 04:38:35.964223","2017-12-28 04:38:35.964223"
417,"  !!!! no round match found for date 2015-10-14T12:00:00+00:00",warn,,,14013,10252500,"2017-12-28 04:38:37 +0000","2017-12-28 04:38:37.635816","2017-12-28 04:38:37.635816"
418,"  !!!! no round match found for date 2015-10-16T12:00:00+00:00",warn,,,14013,10252500,"2017-12-28 04:38:39 +0000","2017-12-28 04:38:39.455277","2017-12-28 04:38:39.455277"
419,"  !!!! no round match found for date 2015-10-17T12:00:00+00:00",warn,,,14013,10252500,"2017-12-28 04:38:40 +0000","2017-12-28 04:38:40.862408","2017-12-28 04:38:40.862408"
420,"  !!!! no round match found for date 2015-10-18T12:00:00+00:00",warn,,,14013,10252500,"2017-12-28 04:38:42 +0000","2017-12-28 04:38:42.477945","2017-12-28 04:38:42.477945"
421,"  !!!! no round match found for date 2015-10-25T12:00:00+00:00",warn,,,14013,10252500,"2017-12-28 04:38:43 +0000","2017-12-28 04:38:43.987758","2017-12-28 04:38:43.987758"
422,"unknown type for value >twitter: CF_America< - key america",warn,,,14013,10252500,"2017-12-28 04:39:04 +0000","2017-12-28 04:39:04.937263","2017-12-28 04:39:04.937263"
423,"city with key mexico missing",warn,,,14013,10252500,"2017-12-28 04:39:04 +0000","2017-12-28 04:39:04.941099","2017-12-28 04:39:04.941099"
424,"unknown type for value >twitter: Cruz_Azul_FC< - key cruzazul",warn,,,14013,10252500,"2017-12-28 04:39:04 +0000","2017-12-28 04:39:04.945174","2017-12-28 04:39:04.945174"
425,"city with key mexico missing",warn,,,14013,10252500,"2017-12-28 04:39:04 +0000","2017-12-28 04:39:04.946578","2017-12-28 04:39:04.946578"
426,"unknown type for value >twitter: PumasMX< - key pumas",warn,,,14013,10252500,"2017-12-28 04:39:04 +0000","2017-12-28 04:39:04.951149","2017-12-28 04:39:04.951149"
427,"city with key mexico missing",warn,,,14013,10252500,"2017-12-28 04:39:04 +0000","2017-12-28 04:39:04.954323","2017-12-28 04:39:04.954323"
428,"unknown type for value >twitter: Rayados< - key monterrey",warn,,,14013,10252500,"2017-12-28 04:39:04 +0000","2017-12-28 04:39:04.958881","2017-12-28 04:39:04.958881"
429,"city with key monterrey missing",warn,,,14013,10252500,"2017-12-28 04:39:04 +0000","2017-12-28 04:39:04.960737","2017-12-28 04:39:04.960737"
430,"unknown type for value >twitter: TigresOficial< - key tigres",warn,,,14013,10252500,"2017-12-28 04:39:04 +0000","2017-12-28 04:39:04.964350","2017-12-28 04:39:04.964350"
431,"city with key monterrey missing",warn,,,14013,10252500,"2017-12-28 04:39:04 +0000","2017-12-28 04:39:04.965862","2017-12-28 04:39:04.965862"
432,"unknown type for value >twitter: Chivas< - key chivas",warn,,,14013,10252500,"2017-12-28 04:39:04 +0000","2017-12-28 04:39:04.970805","2017-12-28 04:39:04.970805"
433,"city with key guadalajara missing",warn,,,14013,10252500,"2017-12-28 04:39:04 +0000","2017-12-28 04:39:04.972462","2017-12-28 04:39:04.972462"
434,"unknown type for value >futbol.atlas.com.mx< - key atlas",warn,,,14013,10252500,"2017-12-28 04:39:04 +0000","2017-12-28 04:39:04.975885","2017-12-28 04:39:04.975885"
435,"unknown type for value >twitter: atlasoficial< - key atlas",warn,,,14013,10252500,"2017-12-28 04:39:04 +0000","2017-12-28 04:39:04.977149","2017-12-28 04:39:04.977149"
436,"city with key guadalajara missing",warn,,,14013,10252500,"2017-12-28 04:39:04 +0000","2017-12-28 04:39:04.978533","2017-12-28 04:39:04.978533"
437,"unknown type for value >twitter: FCAtlante< - key atlante",warn,,,14013,10252500,"2017-12-28 04:39:04 +0000","2017-12-28 04:39:04.981943","2017-12-28 04:39:04.981943"
438,"city with key cancun missing",warn,,,14013,10252500,"2017-12-28 04:39:04 +0000","2017-12-28 04:39:04.984287","2017-12-28 04:39:04.984287"
439,"unknown type for value >twitter: SoyJaguar< - key jaguares",warn,,,14013,10252500,"2017-12-28 04:39:04 +0000","2017-12-28 04:39:04.988197","2017-12-28 04:39:04.988197"
440,"city with key tuxtla missing",warn,,,14013,10252500,"2017-12-28 04:39:04 +0000","2017-12-28 04:39:04.989642","2017-12-28 04:39:04.989642"
441,"unknown type for value >twitter: clubleonfc< - key leon",warn,,,14013,10252500,"2017-12-28 04:39:04 +0000","2017-12-28 04:39:04.992780","2017-12-28 04:39:04.992780"
442,"city with key leon missing",warn,,,14013,10252500,"2017-12-28 04:39:04 +0000","2017-12-28 04:39:04.994079","2017-12-28 04:39:04.994079"
443,"unknown type for value >twitter: FuerzaMonarca< - key morelia",warn,,,14013,10252500,"2017-12-28 04:39:04 +0000","2017-12-28 04:39:04.997576","2017-12-28 04:39:04.997576"
444,"city with key morelia missing",warn,,,14013,10252500,"2017-12-28 04:39:04 +0000","2017-12-28 04:39:04.999003","2017-12-28 04:39:04.999003"
445,"unknown type for value >twitter: Tuzos< - key pachuca",warn,,,14013,10252500,"2017-12-28 04:39:05 +0000","2017-12-28 04:39:05.002166","2017-12-28 04:39:05.002166"
446,"city with key pachuca missing",warn,,,14013,10252500,"2017-12-28 04:39:05 +0000","2017-12-28 04:39:05.004384","2017-12-28 04:39:05.004384"
447,"unknown type for value >twitter: PueblaFC< - key puebla",warn,,,14013,10252500,"2017-12-28 04:39:05 +0000","2017-12-28 04:39:05.008187","2017-12-28 04:39:05.008187"
448,"city with key puebla missing",warn,,,14013,10252500,"2017-12-28 04:39:05 +0000","2017-12-28 04:39:05.009428","2017-12-28 04:39:05.009428"
449,"unknown type for value >twitter: Club_Queretaro< - key queretaro",warn,,,14013,10252500,"2017-12-28 04:39:05 +0000","2017-12-28 04:39:05.012424","2017-12-28 04:39:05.012424"
450,"city with key queretaro missing",warn,,,14013,10252500,"2017-12-28 04:39:05 +0000","2017-12-28 04:39:05.013898","2017-12-28 04:39:05.013898"
451,"unknown type for value >twitter: ClubSantos< - key santos",warn,,,14013,10252500,"2017-12-28 04:39:05 +0000","2017-12-28 04:39:05.018106","2017-12-28 04:39:05.018106"
452,"city with key torreon missing",warn,,,14013,10252500,"2017-12-28 04:39:05 +0000","2017-12-28 04:39:05.020344","2017-12-28 04:39:05.020344"
453,"unknown type for value >twitter: XolosOficial< - key tijuana",warn,,,14013,10252500,"2017-12-28 04:39:05 +0000","2017-12-28 04:39:05.028446","2017-12-28 04:39:05.028446"
454,"city with key tijuana missing",warn,,,14013,10252500,"2017-12-28 04:39:05 +0000","2017-12-28 04:39:05.029871","2017-12-28 04:39:05.029871"
455,"unknown type for value >twitter: deptolucafc‎< - key toluca",warn,,,14013,10252500,"2017-12-28 04:39:05 +0000","2017-12-28 04:39:05.033013","2017-12-28 04:39:05.033013"
456,"city with key toluca missing",warn,,,14013,10252500,"2017-12-28 04:39:05 +0000","2017-12-28 04:39:05.034295","2017-12-28 04:39:05.034295"
457,"unknown type for value >twitter: tiburonesrojos< - key veracruz",warn,,,14013,10252500,"2017-12-28 04:39:05 +0000","2017-12-28 04:39:05.037330","2017-12-28 04:39:05.037330"
458,"city with key veracruz missing",warn,,,14013,10252500,"2017-12-28 04:39:05 +0000","2017-12-28 04:39:05.038657","2017-12-28 04:39:05.038657"
459,"city with key sanluispotosi missing",warn,,,14013,10252500,"2017-12-28 04:39:05 +0000","2017-12-28 04:39:05.054439","2017-12-28 04:39:05.054439"
460,"city with key santos missing",warn,,,14013,10252500,"2017-12-28 04:39:10 +0000","2017-12-28 04:39:10.007674","2017-12-28 04:39:10.007674"
461,"city with key campinas missing",warn,,,14013,10252500,"2017-12-28 04:39:10 +0000","2017-12-28 04:39:10.014470","2017-12-28 04:39:10.014470"
462,"city with key florianopolis missing",warn,,,14013,10252500,"2017-12-28 04:39:10 +0000","2017-12-28 04:39:10.051637","2017-12-28 04:39:10.051637"
463,"city with key chapeco missing",warn,,,14013,10252500,"2017-12-28 04:39:10 +0000","2017-12-28 04:39:10.057120","2017-12-28 04:39:10.057120"
464,"city with key criciuma missing",warn,,,14013,10252500,"2017-12-28 04:39:10 +0000","2017-12-28 04:39:10.071614","2017-12-28 04:39:10.071614"
465,"city with key florianopolis missing",warn,,,14013,10252500,"2017-12-28 04:39:10 +0000","2017-12-28 04:39:10.075319","2017-12-28 04:39:10.075319"
466,"city with key joinvile missing",warn,,,14013,10252500,"2017-12-28 04:39:10 +0000","2017-12-28 04:39:10.078297","2017-12-28 04:39:10.078297"
467,"city with key goiania missing",warn,,,14013,10252500,"2017-12-28 04:39:10 +0000","2017-12-28 04:39:10.081982","2017-12-28 04:39:10.081982"
468,"city with key goiania missing",warn,,,14013,10252500,"2017-12-28 04:39:10 +0000","2017-12-28 04:39:10.087866","2017-12-28 04:39:10.087866"
469,"city with key goiania missing",warn,,,14013,10252500,"2017-12-28 04:39:10 +0000","2017-12-28 04:39:10.091421","2017-12-28 04:39:10.091421"
470,"city with key bragancapaulista missing",warn,,,14013,10252500,"2017-12-28 04:39:10 +0000","2017-12-28 04:39:10.095720","2017-12-28 04:39:10.095720"
471,"city with key itapolis missing",warn,,,14013,10252500,"2017-12-28 04:39:10 +0000","2017-12-28 04:39:10.100472","2017-12-28 04:39:10.100472"
472,"city with key londrina missing",warn,,,14013,10252500,"2017-12-28 04:39:10 +0000","2017-12-28 04:39:10.103532","2017-12-28 04:39:10.103532"
473,"city with key juizdefora missing",warn,,,14013,10252500,"2017-12-28 04:39:10 +0000","2017-12-28 04:39:10.117159","2017-12-28 04:39:10.117159"
474,"city with key pelotas missing",warn,,,14013,10252500,"2017-12-28 04:39:10 +0000","2017-12-28 04:39:10.121136","2017-12-28 04:39:10.121136"
475,"city with key belem missing",warn,,,14013,10252500,"2017-12-28 04:39:10 +0000","2017-12-28 04:39:10.126603","2017-12-28 04:39:10.126603"
476,"city with key maceio missing",warn,,,14013,10252500,"2017-12-28 04:39:10 +0000","2017-12-28 04:39:10.131386","2017-12-28 04:39:10.131386"
477,"city with key lucasdorioverde missing",warn,,,14013,10252500,"2017-12-28 04:39:10 +0000","2017-12-28 04:39:10.135226","2017-12-28 04:39:10.135226"
478,"city with key saoluis missing",warn,,,14013,10252500,"2017-12-28 04:39:10 +0000","2017-12-28 04:39:10.138341","2017-12-28 04:39:10.138341"
479,"city with key campinas missing",warn,,,14013,10252500,"2017-12-28 04:39:10 +0000","2017-12-28 04:39:10.145808","2017-12-28 04:39:10.145808"
480,"city with key guaratingueta missing",warn,,,14013,10252500,"2017-12-28 04:39:10 +0000","2017-12-28 04:39:10.150308","2017-12-28 04:39:10.150308"
481,"city with key mogimirim missing",warn,,,14013,10252500,"2017-12-28 04:39:10 +0000","2017-12-28 04:39:10.154921","2017-12-28 04:39:10.154921"
482,"city with key ribeiraopreto missing",warn,,,14013,10252500,"2017-12-28 04:39:10 +0000","2017-12-28 04:39:10.158952","2017-12-28 04:39:10.158952"
483,"city with key varginha missing",warn,,,14013,10252500,"2017-12-28 04:39:10 +0000","2017-12-28 04:39:10.164225","2017-12-28 04:39:10.164225"
484,"city with key tombos missing",warn,,,14013,10252500,"2017-12-28 04:39:10 +0000","2017-12-28 04:39:10.168380","2017-12-28 04:39:10.168380"
485,"city with key caxiasdosul missing",warn,,,14013,10252500,"2017-12-28 04:39:10 +0000","2017-12-28 04:39:10.172637","2017-12-28 04:39:10.172637"
486,"city with key erechim missing",warn,,,14013,10252500,"2017-12-28 04:39:10 +0000","2017-12-28 04:39:10.178067","2017-12-28 04:39:10.178067"
487,"city with key macae missing",warn,,,14013,10252500,"2017-12-28 04:39:10 +0000","2017-12-28 04:39:10.188090","2017-12-28 04:39:10.188090"
488,"city with key salgueiro missing",warn,,,14013,10252500,"2017-12-28 04:39:10 +0000","2017-12-28 04:39:10.192293","2017-12-28 04:39:10.192293"
489,"city with key belem missing",warn,,,14013,10252500,"2017-12-28 04:39:10 +0000","2017-12-28 04:39:10.200673","2017-12-28 04:39:10.200673"
490,"city with key Arapiraca missing",warn,,,14013,10252500,"2017-12-28 04:39:10 +0000","2017-12-28 04:39:10.207073","2017-12-28 04:39:10.207073"
491,"city with key joaopessoa missing",warn,,,14013,10252500,"2017-12-28 04:39:10 +0000","2017-12-28 04:39:10.214030","2017-12-28 04:39:10.214030"
492,"city with key teresina missing",warn,,,14013,10252500,"2017-12-28 04:39:10 +0000","2017-12-28 04:39:10.218451","2017-12-28 04:39:10.218451"
493,"city with key saoleopoldo missing",warn,,,14013,10252500,"2017-12-28 04:39:10 +0000","2017-12-28 04:39:10.224212","2017-12-28 04:39:10.224212"
494,"city with key cachoeirinha missing",warn,,,14013,10252500,"2017-12-28 04:39:10 +0000","2017-12-28 04:39:10.229067","2017-12-28 04:39:10.229067"
495,"city with key vacaria missing",warn,,,14013,10252500,"2017-12-28 04:39:10 +0000","2017-12-28 04:39:10.234466","2017-12-28 04:39:10.234466"
496,"city with key lajeado missing",warn,,,14013,10252500,"2017-12-28 04:39:10 +0000","2017-12-28 04:39:10.240136","2017-12-28 04:39:10.240136"
497,"city with key novohamburgo missing",warn,,,14013,10252500,"2017-12-28 04:39:10 +0000","2017-12-28 04:39:10.244739","2017-12-28 04:39:10.244739"
498,"city with key passofundo missing",warn,,,14013,10252500,"2017-12-28 04:39:10 +0000","2017-12-28 04:39:10.249303","2017-12-28 04:39:10.249303"
499,"city with key riogrande missing",warn,,,14013,10252500,"2017-12-28 04:39:10 +0000","2017-12-28 04:39:10.256966","2017-12-28 04:39:10.256966"
500,"unknown type for value >city""veranopolis< - key veranopolis",warn,,,14013,10252500,"2017-12-28 04:39:10 +0000","2017-12-28 04:39:10.261930","2017-12-28 04:39:10.261930"
501,"city with key santoangelo missing",warn,,,14013,10252500,"2017-12-28 04:39:10 +0000","2017-12-28 04:39:10.266596","2017-12-28 04:39:10.266596"
502,"city with key bentogoncalves missing",warn,,,14013,10252500,"2017-12-28 04:39:10 +0000","2017-12-28 04:39:10.274307","2017-12-28 04:39:10.274307"
503,"city with key santacruzdosul missing",warn,,,14013,10252500,"2017-12-28 04:39:10 +0000","2017-12-28 04:39:10.281073","2017-12-28 04:39:10.281073"
504,"city with key santamaria missing",warn,,,14013,10252500,"2017-12-28 04:39:10 +0000","2017-12-28 04:39:10.288108","2017-12-28 04:39:10.288108"
505,"city with key venancioaires missing",warn,,,14013,10252500,"2017-12-28 04:39:10 +0000","2017-12-28 04:39:10.295645","2017-12-28 04:39:10.295645"
506,"city with key pelotas missing",warn,,,14013,10252500,"2017-12-28 04:39:10 +0000","2017-12-28 04:39:10.302312","2017-12-28 04:39:10.302312"
507,"city with key saogabriel missing",warn,,,14013,10252500,"2017-12-28 04:39:10 +0000","2017-12-28 04:39:10.309242","2017-12-28 04:39:10.309242"
508,"unknown type for value >cityïjui< - key saoluizijui",warn,,,14013,10252500,"2017-12-28 04:39:10 +0000","2017-12-28 04:39:10.316540","2017-12-28 04:39:10.316540"
509,"city with key marau missing",warn,,,14013,10252500,"2017-12-28 04:39:10 +0000","2017-12-28 04:39:10.326350","2017-12-28 04:39:10.326350"
510,"city with key santacruzdosul missing",warn,,,14013,10252500,"2017-12-28 04:39:10 +0000","2017-12-28 04:39:10.331271","2017-12-28 04:39:10.331271"
511,"city with key santamaria missing",warn,,,14013,10252500,"2017-12-28 04:39:10 +0000","2017-12-28 04:39:10.336377","2017-12-28 04:39:10.336377"
512,"city with key farroupilha missing",warn,,,14013,10252500,"2017-12-28 04:39:10 +0000","2017-12-28 04:39:10.343133","2017-12-28 04:39:10.343133"
513,"city with key caxiasdosul missing",warn,,,14013,10252500,"2017-12-28 04:39:10 +0000","2017-12-28 04:39:10.346579","2017-12-28 04:39:10.346579"
514,"city with key panambi missing",warn,,,14013,10252500,"2017-12-28 04:39:10 +0000","2017-12-28 04:39:10.351039","2017-12-28 04:39:10.351039"
515,"city with key crissiumal missing",warn,,,14013,10252500,"2017-12-28 04:39:10 +0000","2017-12-28 04:39:10.358023","2017-12-28 04:39:10.358023"
516,"city with key fredericowestphalen missing",warn,,,14013,10252500,"2017-12-28 04:39:10 +0000","2017-12-28 04:39:10.362974","2017-12-28 04:39:10.362974"
517,"city with key diadema missing",warn,,,14013,10252500,"2017-12-28 04:39:10 +0000","2017-12-28 04:39:10.367371","2017-12-28 04:39:10.367371"
518,"city with key osasco missing",warn,,,14013,10252500,"2017-12-28 04:39:10 +0000","2017-12-28 04:39:10.373813","2017-12-28 04:39:10.373813"
519,"city with key capivarisp missing",warn,,,14013,10252500,"2017-12-28 04:39:10 +0000","2017-12-28 04:39:10.377359","2017-12-28 04:39:10.377359"
520,"city with key araraquara missing",warn,,,14013,10252500,"2017-12-28 04:39:10 +0000","2017-12-28 04:39:10.380928","2017-12-28 04:39:10.380928"
521,"city with key itu missing",warn,,,14013,10252500,"2017-12-28 04:39:10 +0000","2017-12-28 04:39:10.385413","2017-12-28 04:39:10.385413"
522,"city with key Lins missing",warn,,,14013,10252500,"2017-12-28 04:39:10 +0000","2017-12-28 04:39:10.392662","2017-12-28 04:39:10.392662"
523,"city with key novohorizonte missing",warn,,,14013,10252500,"2017-12-28 04:39:10 +0000","2017-12-28 04:39:10.396362","2017-12-28 04:39:10.396362"
524,"city with key campinas missing",warn,,,14013,10252500,"2017-12-28 04:39:10 +0000","2017-12-28 04:39:10.400520","2017-12-28 04:39:10.400520"
525,"city with key rioclarosp missing",warn,,,14013,10252500,"2017-12-28 04:39:10 +0000","2017-12-28 04:39:10.407019","2017-12-28 04:39:10.407019"
526,"city with key saobentosp missing",warn,,,14013,10252500,"2017-12-28 04:39:10 +0000","2017-12-28 04:39:10.410748","2017-12-28 04:39:10.410748"
527,"city with key saobernardodocampo missing",warn,,,14013,10252500,"2017-12-28 04:39:10 +0000","2017-12-28 04:39:10.414011","2017-12-28 04:39:10.414011"
528,"city with key piracicaba missing",warn,,,14013,10252500,"2017-12-28 04:39:10 +0000","2017-12-28 04:39:10.419044","2017-12-28 04:39:10.419044"
529,"city with key cabofrio missing",warn,,,14013,10252500,"2017-12-28 04:39:10 +0000","2017-12-28 04:39:10.442782","2017-12-28 04:39:10.442782"
530,"city with key novafriburgo missing",warn,,,14013,10252500,"2017-12-28 04:39:10 +0000","2017-12-28 04:39:10.446867","2017-12-28 04:39:10.446867"
531,"city with key resende missing",warn,,,14013,10252500,"2017-12-28 04:39:10 +0000","2017-12-28 04:39:10.459573","2017-12-28 04:39:10.459573"
532,"city with key duquedecaxias missing",warn,,,14013,10252500,"2017-12-28 04:39:10 +0000","2017-12-28 04:39:10.463248","2017-12-28 04:39:10.463248"
533,"city with key voltaredonda missing",warn,,,14013,10252500,"2017-12-28 04:39:10 +0000","2017-12-28 04:39:10.467745","2017-12-28 04:39:10.467745"
534,"city with key uberlandia missing",warn,,,14013,10252500,"2017-12-28 04:39:10 +0000","2017-12-28 04:39:10.474197","2017-12-28 04:39:10.474197"
535,"city with key patosdeminas missing",warn,,,14013,10252500,"2017-12-28 04:39:10 +0000","2017-12-28 04:39:10.477898","2017-12-28 04:39:10.477898"
536,"city with key trescoracoes missing",warn,,,14013,10252500,"2017-12-28 04:39:10 +0000","2017-12-28 04:39:10.481296","2017-12-28 04:39:10.481296"
537,"city with key pocodecaldas missing",warn,,,14013,10252500,"2017-12-28 04:39:10 +0000","2017-12-28 04:39:10.485799","2017-12-28 04:39:10.485799"
538,"city with key divinopolis missing",warn,,,14013,10252500,"2017-12-28 04:39:10 +0000","2017-12-28 04:39:10.492814","2017-12-28 04:39:10.492814"
539,"city with key novalima missing",warn,,,14013,10252500,"2017-12-28 04:39:10 +0000","2017-12-28 04:39:10.496499","2017-12-28 04:39:10.496499"
540,"city with key fozdoiguacu missing",warn,,,14013,10252500,"2017-12-28 04:39:10 +0000","2017-12-28 04:39:10.503766","2017-12-28 04:39:10.503766"
541,"city with key toledopr missing",warn,,,14013,10252500,"2017-12-28 04:39:10 +0000","2017-12-28 04:39:10.509561","2017-12-28 04:39:10.509561"
542,"city with key cornelioprocopio missing",warn,,,14013,10252500,"2017-12-28 04:39:10 +0000","2017-12-28 04:39:10.512781","2017-12-28 04:39:10.512781"
543,"city with key paranagua missing",warn,,,14013,10252500,"2017-12-28 04:39:10 +0000","2017-12-28 04:39:10.516005","2017-12-28 04:39:10.516005"
544,"city with key cascavel missing",warn,,,14013,10252500,"2017-12-28 04:39:10 +0000","2017-12-28 04:39:10.521645","2017-12-28 04:39:10.521645"
545,"city with key maringa missing",warn,,,14013,10252500,"2017-12-28 04:39:10 +0000","2017-12-28 04:39:10.530142","2017-12-28 04:39:10.530142"
546,"city with key pontagrossa missing",warn,,,14013,10252500,"2017-12-28 04:39:10 +0000","2017-12-28 04:39:10.535844","2017-12-28 04:39:10.535844"
547,"city with key brusque missing",warn,,,14013,10252500,"2017-12-28 04:39:10 +0000","2017-12-28 04:39:10.542183","2017-12-28 04:39:10.542183"
548,"city with key blumenau missing",warn,,,14013,10252500,"2017-12-28 04:39:10 +0000","2017-12-28 04:39:10.546887","2017-12-28 04:39:10.546887"
549,"city with key palhoca missing",warn,,,14013,10252500,"2017-12-28 04:39:10 +0000","2017-12-28 04:39:10.551052","2017-12-28 04:39:10.551052"
550,"city with key lages missing",warn,,,14013,10252500,"2017-12-28 04:39:10 +0000","2017-12-28 04:39:10.557246","2017-12-28 04:39:10.557246"
551,"city with key camboriu missing",warn,,,14013,10252500,"2017-12-28 04:39:10 +0000","2017-12-28 04:39:10.561813","2017-12-28 04:39:10.561813"
552,"city with key guanambi missing",warn,,,14013,10252500,"2017-12-28 04:39:10 +0000","2017-12-28 04:39:10.564950","2017-12-28 04:39:10.564950"
553,"city with key juazeiro missing",warn,,,14013,10252500,"2017-12-28 04:39:10 +0000","2017-12-28 04:39:10.574338","2017-12-28 04:39:10.574338"
554,"city with key feiradesantana missing",warn,,,14013,10252500,"2017-12-28 04:39:10 +0000","2017-12-28 04:39:10.577692","2017-12-28 04:39:10.577692"
555,"city with key ilheus missing",warn,,,14013,10252500,"2017-12-28 04:39:10 +0000","2017-12-28 04:39:10.582088","2017-12-28 04:39:10.582088"
556,"city with key jacobina missing",warn,,,14013,10252500,"2017-12-28 04:39:10 +0000","2017-12-28 04:39:10.591004","2017-12-28 04:39:10.591004"
557,"city with key feiradesantana missing",warn,,,14013,10252500,"2017-12-28 04:39:10 +0000","2017-12-28 04:39:10.596839","2017-12-28 04:39:10.596839"
558,"city with key feiradesantana missing",warn,,,14013,10252500,"2017-12-28 04:39:10 +0000","2017-12-28 04:39:10.603045","2017-12-28 04:39:10.603045"
559,"city with key vitoriadaconquista missing",warn,,,14013,10252500,"2017-12-28 04:39:10 +0000","2017-12-28 04:39:10.609732","2017-12-28 04:39:10.609732"
560,"city with key riachaodojacuipe missing",warn,,,14013,10252500,"2017-12-28 04:39:10 +0000","2017-12-28 04:39:10.614809","2017-12-28 04:39:10.614809"
561,"city with key anapolis missing",warn,,,14013,10252500,"2017-12-28 04:39:10 +0000","2017-12-28 04:39:10.619989","2017-12-28 04:39:10.619989"
562,"city with key catalaogo missing",warn,,,14013,10252500,"2017-12-28 04:39:10 +0000","2017-12-28 04:39:10.627580","2017-12-28 04:39:10.627580"
563,"city with key itumbiara missing",warn,,,14013,10252500,"2017-12-28 04:39:10 +0000","2017-12-28 04:39:10.632608","2017-12-28 04:39:10.632608"
564,"city with key trindadego missing",warn,,,14013,10252500,"2017-12-28 04:39:10 +0000","2017-12-28 04:39:10.636112","2017-12-28 04:39:10.636112"
565,"city with key aparecidadegoiania missing",warn,,,14013,10252500,"2017-12-28 04:39:10 +0000","2017-12-28 04:39:10.639398","2017-12-28 04:39:10.639398"
566,"city with key anapolis missing",warn,,,14013,10252500,"2017-12-28 04:39:10 +0000","2017-12-28 04:39:10.642871","2017-12-28 04:39:10.642871"
567,"city with key goianesia missing",warn,,,14013,10252500,"2017-12-28 04:39:10 +0000","2017-12-28 04:39:10.646781","2017-12-28 04:39:10.646781"
568,"city with key maranguape missing",warn,,,14013,10252500,"2017-12-28 04:39:10 +0000","2017-12-28 04:39:10.654685","2017-12-28 04:39:10.654685"
569,"city with key juazeirodonorte missing",warn,,,14013,10252500,"2017-12-28 04:39:10 +0000","2017-12-28 04:39:10.660951","2017-12-28 04:39:10.660951"
570,"city with key itapipoca missing",warn,,,14013,10252500,"2017-12-28 04:39:10 +0000","2017-12-28 04:39:10.664133","2017-12-28 04:39:10.664133"
571,"city with key juazeirodonorte missing",warn,,,14013,10252500,"2017-12-28 04:39:10 +0000","2017-12-28 04:39:10.667155","2017-12-28 04:39:10.667155"
572,"city with key sobral missing",warn,,,14013,10252500,"2017-12-28 04:39:10 +0000","2017-12-28 04:39:10.669923","2017-12-28 04:39:10.669923"
573,"city with key quixada missing",warn,,,14013,10252500,"2017-12-28 04:39:10 +0000","2017-12-28 04:39:10.674890","2017-12-28 04:39:10.674890"
574,"city with key carpina missing",warn,,,14013,10252500,"2017-12-28 04:39:10 +0000","2017-12-28 04:39:10.679670","2017-12-28 04:39:10.679670"
575,"city with key belojardim missing",warn,,,14013,10252500,"2017-12-28 04:39:10 +0000","2017-12-28 04:39:10.682481","2017-12-28 04:39:10.682481"
576,"city with key caruaru missing",warn,,,14013,10252500,"2017-12-28 04:39:10 +0000","2017-12-28 04:39:10.685579","2017-12-28 04:39:10.685579"
577,"city with key pesqueira missing",warn,,,14013,10252500,"2017-12-28 04:39:10 +0000","2017-12-28 04:39:10.688634","2017-12-28 04:39:10.688634"
578,"city with key caruaru missing",warn,,,14013,10252500,"2017-12-28 04:39:10 +0000","2017-12-28 04:39:10.692934","2017-12-28 04:39:10.692934"
579,"unknown type for value >Serra Talhada|Serra Talhada Futebol Clube< - key serratalhada",warn,,,14013,10252500,"2017-12-28 04:39:10 +0000","2017-12-28 04:39:10.696846","2017-12-28 04:39:10.696846"
580,"city with key serratalhada missing",warn,,,14013,10252500,"2017-12-28 04:39:10 +0000","2017-12-28 04:39:10.698280","2017-12-28 04:39:10.698280"
581,"city with key vitoriadesantoantao missing",warn,,,14013,10252500,"2017-12-28 04:39:10 +0000","2017-12-28 04:39:10.701606","2017-12-28 04:39:10.701606"
